periodo,fecha,precipitacion_mensual_mm,spi_1,precipitacion_acum_3m_mm,spi_3,precipitacion_acum_6m_mm,spi_6,categoria_spi_3
1981-01,1981-01-01,5.432961983077651,-0.7608330082734265,,,,,
1981-02,1981-02-01,0.15608442098368658,-0.8242753322735935,,,,,
1981-03,1981-03-01,3.7687607915487162,0.5328453449371212,9.357807195610054,-0.4745510348288847,,,Normal
1981-04,1981-04-01,24.443472477184528,0.44293218999252554,28.368317689716932,0.3921426799071294,,,Normal
1981-05,1981-05-01,453.0827557292721,1.7123994499496802,481.29498899800535,1.8237711427389278,,,Muy húmedo
1981-06,1981-06-01,383.96170871505933,1.2674329943437228,861.4879369215159,1.9355383392878576,870.8457441171261,1.935631819179954,Muy húmedo
1981-07,1981-07-01,187.51924951844708,0.42927225966793797,1024.5637139627786,1.7863556646711904,1052.9320316524954,1.816660505227326,Muy húmedo
1981-08,1981-08-01,310.295812234046,0.9503165172214498,881.7767704675524,1.1846555021064595,1363.0717594655578,1.785612920776464,Moderadamente húmedo
1981-09,1981-09-01,283.7484671487208,-0.3650150466892323,781.5635289012139,0.3887601077709004,1643.0514658227298,1.3954988584518544,Normal
1981-10,1981-10-01,288.77600332346384,-0.4293739752358848,882.8202827062307,-0.04100809067306968,1907.3839966690093,1.0740585512871854,Normal
1981-11,1981-11-01,74.19622724247004,-0.6142310005885705,646.7206977146546,-0.9095076724662886,1528.4974681822073,0.24692210228476022,Normal
1981-12,1981-12-01,44.86448957246129,0.856917970309573,407.83672013839515,-0.6683344835770444,1189.4002490396092,-0.11535613472905906,Normal
1982-01,1982-01-01,13.00106020440376,1.8886501737130426,132.0617770193351,-0.2979619894070689,1014.8820597255658,-0.1871389102835382,Normal
1982-02,1982-02-01,1.1039140017188527,0.6367848313704164,58.9694637785839,1.0375360787552863,705.6901614932386,-0.7473679071080619,Moderadamente húmedo
1982-03,1982-03-01,0.9645429997924986,-1.4247316197289885,15.069517205915112,1.0047769018628327,422.9062373443103,-0.619425420130141,Moderadamente húmedo
1982-04,1982-04-01,4.697355937556017,-0.9702654031323557,6.765812939067368,-1.1353436116509785,138.82758995840246,-0.5135481691974098,Moderadamente seco
1982-05,1982-05-01,559.7262683658049,2.264926211030832,565.3881673031534,2.303806649588995,624.3576310817373,2.4530234818282897,Extremadamente húmedo
1982-06,1982-06-01,288.5818041858715,0.3678464714270766,853.0054284892324,1.8973539551426768,868.0749456951476,1.923055218275947,Muy húmedo
1982-07,1982-07-01,109.70695009843752,-0.7277143750754527,958.0150226501139,1.5134121289027767,964.7808355891813,1.4469285413029433,Muy húmedo
1982-08,1982-08-01,51.57572595484392,-2.3777111286179196,449.8644802391529,-1.0760205125382045,1015.2526475423064,0.5514926270006362,Moderadamente seco
1982-09,1982-09-01,291.63713644934074,-0.28556164185118943,452.91981250262216,-1.359761413217782,1305.9252409918545,0.3352701445818354,Moderadamente seco
1982-10,1982-10-01,222.3885529699148,-1.038902468324318,565.6014153740995,-1.623079682983187,1523.6164380242133,-0.08198158159564065,Severamente seco
1982-11,1982-11-01,37.92823897450006,-1.4327879410873336,551.9539283937555,-1.51753235160543,1001.8184086329085,-1.6770287744945664,Severamente seco
1982-12,1982-12-01,15.70714561486355,-1.1051235928708296,276.0239375592784,-1.7671449964912673,728.9437500619007,-2.1258297748927446,Severamente seco
1983-01,1983-01-01,6.223130990517017,-0.3975652984591364,59.85851557988063,-1.5076462079754072,625.4599309539801,-2.0755298431561933,Severamente seco
1983-02,1983-02-01,0.5219765703360387,-0.022817915037046818,22.452253175716606,-1.0847556535152945,574.4061815694722,-1.549001574464399,Moderadamente seco
1983-03,1983-03-01,6.141092425739136,1.4761814946943963,12.886199986592192,0.49238901582219646,288.9101375458706,-1.7181000132805568,Normal
1983-04,1983-04-01,5.510144451317376,-0.8598440923476085,12.17321344739255,-0.5858157333427212,72.03172902727317,-1.5919709405777933,Normal
1983-05,1983-05-01,75.70574563424624,-1.6551506955624422,87.35698251130276,-1.9248616315146152,109.80923568701937,-2.0255480546132567,Severamente seco
1983-06,1983-06-01,224.676039515478,-0.3522330983135628,305.8919296010416,-1.4331316394802809,318.7781295876338,-1.4206834007415314,Moderadamente seco
1983-07,1983-07-01,152.89921114101216,-0.0352246139131586,453.2809962907364,-1.1394770981708313,465.45420973812895,-1.2418631791401542,Moderadamente seco
1983-08,1983-08-01,162.59183726750751,-0.4639370253946895,540.1670879239977,-0.5101450710595765,627.5240704353005,-1.2184662705690759,Normal
1983-09,1983-09-01,267.45615933259535,-0.5339663184249356,582.947207741115,-0.5890175579359017,888.8391373421567,-1.2686632846907602,Normal
1983-10,1983-10-01,337.5324821188221,-0.04040271704106881,767.580478718925,-0.5625705256033544,1220.8614750096615,-1.1406596688112418,Normal
1983-11,1983-11-01,156.28423461905248,0.511498402258656,761.2728760704699,-0.250707906513013,1301.4399639944677,-0.5166835298763741,Normal
1983-12,1983-12-01,32.508919120149635,0.181916801732241,526.3256358580242,0.12655132183647633,1109.2728435991394,-0.42137190210382697,Normal
1984-01,1984-01-01,7.425625331515511,0.09959295742074831,196.21877907071763,0.4284543246266498,963.7992577896426,-0.40283145854388924,Normal
1984-02,1984-02-01,2.959553197349315,1.8179504090347685,42.89409764901446,0.2620856587415261,804.1669737194844,-0.21048635738599833,Normal
1984-03,1984-03-01,4.05067435409235,0.6621573632586484,14.435852882957176,0.8613760120021681,540.7614887409813,0.1633924040320524,Normal
1984-04,1984-04-01,9.962546155506319,-0.40810187593222774,16.972773706947983,-0.2319652163872707,213.1915527776656,0.31918248494813095,Normal
1984-05,1984-05-01,135.19832463161654,-0.7644470172488956,149.2115451412152,-0.9583352328532573,192.10564279022967,-0.8481054661762122,Normal
1984-06,1984-06-01,234.97151968695462,-0.22766984261736836,380.1323904740775,-0.8177949762276506,394.56824335703465,-0.7978703981241184,Normal
1984-07,1984-07-01,237.65060505221848,1.0105462723527807,607.8204493707897,-0.17725479246287146,624.7932230777376,-0.2332340155846068,Normal
1984-08,1984-08-01,230.1154838592812,0.25802909155428855,702.7376085984544,0.3649217574576608,851.9491537396694,-0.12619655022046683,Normal
1984-09,1984-09-01,525.2520857657734,1.6082734574710997,993.0181746772731,1.2621664304409683,1373.1505651513505,0.5599647014360738,Moderadamente húmedo
1984-10,1984-10-01,299.503475020794,-0.3401880106022061,1054.8710446458485,0.6589246334092622,1662.6914940166382,0.35714932381692044,Normal
1984-11,1984-11-01,40.82499821049943,-1.3502111907698575,865.5805589970669,0.29343213807114693,1568.3181675955211,0.3728794279588467,Normal
1984-12,1984-12-01,21.11405446991982,-0.6165641054210997,361.44252770121324,-1.022541175300576,1354.4607023784863,0.474093095816364,Moderadamente seco
1985-01,1985-01-01,6.366477242010429,-0.335077445441024,68.30552992242968,-1.3246105870055955,1123.1765745682783,0.24717459744306028,Moderadamente seco
1985-02,1985-02-01,0.7163603641245594,0.2366914997154048,28.19689207605481,-0.6418050020365239,893.7774510731216,0.24092395418286786,Normal
1985-03,1985-03-01,1.0845044701639455,-1.2854534077984305,8.167342076298933,-0.8562116076597261,369.6098697775122,-1.022768722128805,Normal
1985-04,1985-04-01,19.790057638364846,0.22050977379594716,21.59092247265335,0.04761537380274262,89.89645239508303,-1.2506501317103584,Normal
1985-05,1985-05-01,128.03322996335618,-0.8546258870865937,148.90779207188496,-0.9623091283079762,177.1046841479398,-1.0317024389542058,Normal
1985-06,1985-06-01,209.08536917489678,-0.5484369300976621,356.9086567766178,-1.000617950478093,365.07599885291677,-1.0295172785968076,Moderadamente seco
1985-07,1985-07-01,147.84091529333298,-0.10881475120391453,484.95951443158594,-0.9258219397886118,506.5504369042393,-0.9616185758545438,Normal
1985-08,1985-08-01,191.00510873343302,-0.13930311382011007,547.9313932016628,-0.4645911042774462,696.8391852735477,-0.8561608073780597,Normal
1985-09,1985-09-01,227.64089331211963,-0.9786496705690877,566.4869173388856,-0.6796139011804465,923.3955741155035,-1.1184107005421366,Normal
1985-10,1985-10-01,384.25841637721226,0.2983933173180804,802.9044184227648,-0.3974035081442848,1287.8639328543509,-0.892246363555054,Normal
1985-11,1985-11-01,72.21630555464371,-0.6503561473412357,684.1156152439756,-0.686338941912096,1232.0470084456383,-0.7677939832624121,Normal
1985-12,1985-12-01,30.3735888942403,0.0486999142720105,486.8483108260962,-0.12351885238658046,1053.3352281649818,-0.6439321982790768,Normal
1986-01,1986-01-01,5.763585286286108,-0.6047231855474822,108.35347973517005,-0.6277614315277716,911.2578981579351,-0.6328688236135817,Normal
1986-02,1986-02-01,0.1151231054202049,-0.991335349710348,36.252297285946554,-0.11523176797993785,720.3679125299221,-0.6642672991784356,Normal
1986-03,1986-03-01,1.939319526924642,-0.5230079474323666,7.818027918630897,-0.9753762943864186,494.6663387447272,-0.12764108524571977,Normal
1986-04,1986-04-01,2.467814288040067,-1.3764272121819205,4.522256920384857,-1.4670120272359999,112.87573665555503,-0.8765604612828897,Moderadamente seco
1986-05,1986-05-01,244.12382806174898,0.3199561859518439,248.53096187671363,0.12080795377944484,284.78325916266033,0.11083792930737137,Normal
1986-06,1986-06-01,274.2926128234556,0.21687803839435973,520.8842551732446,0.15332632834010448,528.7022830918756,0.128502425299171,Normal
1986-07,1986-07-01,63.89818465206535,-1.7152426710724393,582.31462553727,-0.32360360177708547,586.8368824576548,-0.45602404436562805,Normal
1986-08,1986-08-01,163.17288446710677,-0.4569257600491858,501.36368194262775,-0.7447247518231616,749.8946438193414,-0.5951306776927027,Normal
1986-09,1986-09-01,223.12512218313674,-1.0323695530454362,450.1961913023088,-1.3774494763080298,971.0804464755536,-0.9172528031537817,Moderadamente seco
1986-10,1986-10-01,242.32615420829123,-0.8440237772160684,628.6241608585347,-1.2676182387263424,1210.9387863958045,-1.1782306801444546,Moderadamente seco
1986-11,1986-11-01,52.202691042955344,-1.0622504282651997,517.6539674343833,-1.7552899297449738,1019.017649377011,-1.604430962770836,Severamente seco
1986-12,1986-12-01,27.461203921298733,-0.1435429508506366,321.99004917254524,-1.3492603752321561,772.1862404748541,-1.9049026973308951,Moderadamente seco
1987-01,1987-01-01,9.358737639970704,0.7966902066034236,89.02263260422473,-0.9361063849849579,717.6467934627595,-1.5680127694908357,Normal
1987-02,1987-02-01,0.05993566336402552,-1.3156966152688159,36.879877224633404,-0.07768897278501302,554.5338446590166,-1.681011716341004,Normal
1987-03,1987-03-01,3.4015270432581755,0.35448598470842824,12.820200346592848,0.47604038069908994,334.81024951913815,-1.3082079641612616,Normal
1987-04,1987-04-01,5.352047855435438,-0.8803098759578081,8.813510562057582,-0.8987076514114366,97.83614316628237,-1.114468190876363,Normal
1987-05,1987-05-01,110.79432785829971,-1.0871311258622942,119.54790275699327,-1.3766901709670685,156.42777998162674,-1.3034102583806833,Moderadamente seco
1987-06,1987-06-01,187.06757027955445,-0.8432782115010042,303.21394599328954,-1.4571770283241905,316.03414633988245,-1.445071456504441,Moderadamente seco
1987-07,1987-07-01,274.94480877032726,1.392991958485424,572.8067069081814,-0.3792622173757646,581.620217470239,-0.48739664508550373,Normal
1987-08,1987-08-01,196.44652597266307,-0.08093634408549369,658.4589050225447,0.1413110846070806,778.006807779538,-0.46186952643401047,Normal
1987-09,1987-09-01,225.432393166121,-1.0048294760165972,696.8237279091113,-0.005277249733680571,1000.0376739024009,-0.7983592030504583,Normal
1987-10,1987-10-01,277.9866455731884,-0.521375070220718,699.8655647119724,-0.8941867705017613,1272.6722716201539,-0.9477862381632897,Normal
1987-11,1987-11-01,80.89618377780711,-0.49677108056545133,584.3152225171165,-1.3023800338918354,1242.774127539661,-0.7283622002489255,Moderadamente seco
1987-12,1987-12-01,40.58797557375559,0.6389531161127537,399.47080492475106,-0.7300919835227014,1096.2945328338624,-0.4723226575817438,Normal
1988-01,1988-01-01,9.507511236658345,0.8462454720355931,130.99167058822098,-0.31192985358420755,830.8572353001935,-1.002942179928218,Normal
1988-02,1988-02-01,1.3854109209425418,0.8718824006244403,51.48089773135642,0.6962120828524492,635.7961202484729,-1.1600742169733342,Normal
1988-03,1988-03-01,1.634045102350811,-0.7612247479629376,12.526967259951642,0.4027241124162224,411.99777218470274,-0.69902866677466,Normal
1988-04,1988-04-01,4.946525631417663,-0.9349730826446365,7.965981654710959,-0.9911322564017938,138.957652242932,-0.5118522934351053,Normal
1988-05,1988-05-01,224.64849154954794,0.1545408279607423,231.22906228331635,-0.042769408493472987,282.70996001467284,0.0918984651145048,Normal
1988-06,1988-06-01,306.5542609302965,0.5508616731876228,536.149278111262,0.24751024050790754,548.6762453712138,0.2523884670166729,Normal
1988-07,1988-07-01,213.68985141609755,0.7438890307406995,744.8926038959419,0.5460793702286126,752.8585855506528,0.4575341368903409,Normal
1988-08,1988-08-01,436.1679371369271,1.8332417095939622,956.412049483321,1.4941912179365104,1187.6411117666376,1.1927028230280168,Moderadamente húmedo
1988-09,1988-09-01,539.1487655538588,1.7016546571192148,1189.0065541068834,1.9691531584654074,1725.1558322181454,1.6316733491051572,Muy húmedo
1988-10,1988-10-01,432.4667047581426,0.6203823687001727,1407.7834074489283,1.8883711241425105,2152.6760113448704,1.7344349936874566,Muy húmedo
1988-11,1988-11-01,152.26625989436047,0.46731845504019603,1123.8817302063617,1.4757702004344098,2080.293779689683,1.831787131319711,Moderadamente húmedo
1988-12,1988-12-01,71.97415504143642,1.997805063628329,656.7071196939394,0.8731875939592171,1845.713673800823,1.9877152730567025,Normal
1989-01,1989-01-01,14.505059787527495,2.2818978766479674,238.74547472332426,0.8258212313369218,1646.528882172253,2.0276822689272165,Normal
1989-02,1989-02-01,1.7588821030575246,1.1405649708003427,88.23809693202132,2.154008096556859,1212.1198271383832,1.6370206287678892,Extremadamente húmedo
1989-03,1989-03-01,3.3205865237105985,0.31348043348933974,19.584528414295505,1.928241383606911,676.2916481082351,0.9336038687180186,Muy húmedo
1989-04,1989-04-01,6.137393378130364,-0.7827420255119925,11.216862004898374,-0.6677762663713468,249.96233672822288,0.6595216309804339,Normal
1989-05,1989-05-01,153.6023651359546,-0.5471371486308304,163.06034503779546,-0.7828368501083125,251.29844196981702,-0.20716584014949618,Normal
1989-06,1989-06-01,218.1937915169893,-0.43265230857430714,377.93355003107416,-0.8347712310650128,397.51807844536995,-0.775360937665122,Normal
1989-07,1989-07-01,174.89733600291396,0.26710859672930526,546.6934926558578,-0.5354077981773535,557.9103546607564,-0.632435523986334,Normal
1989-08,1989-08-01,271.5930352638422,0.6329878979849946,664.6841627837453,0.17334109235594033,827.744507821541,-0.23384224575539525,Normal
1989-09,1989-09-01,358.6712430066105,0.3375824789158165,805.1616142733665,0.49340023884321976,1183.095164304441,-0.09599014113897751,Normal
1989-10,1989-10-01,206.60198429852224,-1.202001833166653,836.8662625689748,-0.24316186073733537,1383.5597552248328,-0.5522018168744915,Normal
1989-11,1989-11-01,170.36458539060902,0.6606847861039516,735.6378126957417,-0.3920002209600355,1400.321975479487,-0.17398695622249413,Normal
1989-12,1989-12-01,42.667624010251096,0.746725639337268,419.63419369938225,-0.582693676550802,1224.795807972749,0.015431193618984257,Normal
1990-01,1990-01-01,12.483703699435493,1.7467214629399508,225.5159131002955,0.7075470621338519,1062.3821756692705,0.006989370632022955,Normal
1990-02,1990-02-01,0.06583428999042683,-1.2715561301636096,55.217161999676904,0.8702732646903625,790.8549746954187,-0.28037406352007244,Normal
1990-03,1990-03-01,5.791829962731005,1.3540876526043044,18.341367952156812,1.6889807503792422,437.9755616515393,-0.5117217180299167,Muy húmedo
1990-04,1990-04-01,17.101393782167175,0.07543181401425648,22.959058034888493,0.12248408358734514,248.4749711351842,0.6464182731045218,Normal
1990-05,1990-05-01,229.3275364067829,0.1951280679234335,252.22076015168096,0.15469978569629877,307.4379221513581,0.31204520910156935,Normal
1990-06,1990-06-01,199.96289199467742,-0.6678925684528937,446.39182218362737,-0.3348859402523759,464.73319013578447,-0.29064790249004313,Normal
1990-07,1990-07-01,181.15923168655166,0.34849518354133585,610.4496600880119,-0.16240500092941448,633.4087181229006,-0.18393968821254855,Normal
1990-08,1990-08-01,236.421763499716,0.3177696409787891,617.543887180945,-0.07440071349792227,869.7646473326262,-0.04826789942426728,Normal
1990-09,1990-09-01,246.79782780241214,-0.7585697389074991,664.3788229886798,-0.16461117991610807,1110.7706451723075,-0.3640933454768385,Normal
1990-10,1990-10-01,368.82704423598614,0.18970162258533918,852.0466355381143,-0.17557755525309973,1462.4962956261263,-0.2834564804075881,Normal
1990-11,1990-11-01,198.86214103700874,0.9396912158227273,814.4870130754069,0.032712805001938815,1432.0309002563522,-0.06754087370146022,Normal
1990-12,1990-12-01,42.72722969234138,0.7497635132020777,610.4164149653362,0.6203404683593428,1274.795237954016,0.19595046495862203,Normal
1991-01,1991-01-01,3.8410552733808774,-1.6216990554911037,245.43042600273094,0.8839714040428723,1097.4770615408454,0.1467249377337895,Normal
1991-02,1991-02-01,1.1938540155762756,0.7157384106216435,47.76213898129848,0.5145564150469784,862.2491520567056,0.0856968639710983,Normal
1991-03,1991-03-01,2.4533027933481812,-0.1749914415312237,7.488212082305277,-1.0913013083502046,617.9046270476416,0.6155698445362411,Moderadamente seco
1991-04,1991-04-01,9.685303413493848,-0.4313134307108369,13.332460222418248,-0.49240381659828253,258.7628862251493,0.7360285089449888,Normal
1991-05,1991-05-01,235.42066365516243,0.2471625839862721,247.5592698620044,0.11182689035820306,295.321408843303,0.20570840274120308,Normal
1991-06,1991-06-01,235.96106272340634,-0.21589287204882365,481.0670297920626,-0.1013335350042396,488.555241874368,-0.13028639118476268,Normal
1991-07,1991-07-01,183.8837323427722,0.38332433119286363,655.2654587213409,0.08437828476071683,668.5979189437593,0.012858028331733806,Normal
1991-08,1991-08-01,201.93425116182004,-0.023165265609299678,621.7790462279985,-0.05163690117054455,869.3383160900031,-0.05012022523712294,Normal
1991-09,1991-09-01,317.94035727312985,-0.03065752808484428,703.758340777722,0.02813081151662207,1184.8253705697848,-0.08971264136987946,Normal
1991-10,1991-10-01,278.6225812255687,-0.515885655961114,798.4971896605184,-0.417739478312355,1453.7626483818597,-0.31270386026738767,Normal
1991-11,1991-11-01,67.27564399240048,-0.7436426830038805,663.8385824910989,-0.8062919579533632,1285.6176287190976,-0.5731288851790095,Normal
1991-12,1991-12-01,33.807879174455195,0.2601186800270235,379.70610439242427,-0.8795862153907015,1083.4644451701465,-0.5230925029876915,Normal
1992-01,1992-01-01,5.137423828376674,-0.9059835219088267,106.22094699523223,-0.6597895196250455,904.718136655751,-0.6621228904950024,Normal
1992-02,1992-02-01,1.2728076005932112,0.7819222130255586,40.21811060342497,0.11511764233950922,704.0566930945241,-0.7566882508072863,Normal
1992-03,1992-03-01,1.305110895225961,-1.0561748463481107,7.715342324195732,-1.01110113205124,387.4214467166202,-0.8837886859540043,Moderadamente seco
1992-04,1992-04-01,15.504610013105813,-0.018262438765460107,18.08252850892487,-0.16041758575891918,124.30347550415733,-0.7102552687703958,Normal
1992-05,1992-05-01,122.19625884965828,-0.9307375339099373,139.00597975798993,-1.0950713631746258,179.22409036141514,-1.0051254658179447,Moderadamente seco
1992-06,1992-06-01,231.42916065173208,-0.2701049779139147,369.1300295144961,-0.9034244884782643,376.845371838692,-0.9355899409932691,Normal
1992-07,1992-07-01,262.3770174926608,1.268058389418957,616.0024369940511,-0.1311833148686011,634.0849655029762,-0.1800895735379436,Normal
1992-08,1992-08-01,269.42442059470875,0.6143563752124127,763.2305987391015,0.6558135285301118,902.2365784970917,0.09106961700257482,Normal
1992-09,1992-09-01,423.2536104504436,0.8684640242505104,955.055048537813,1.1150089661122673,1324.1850780523093,0.3970455585591327,Moderadamente húmedo
1992-10,1992-10-01,285.48580420890414,-0.4571780269832439,978.1638352540564,0.3570131520571959,1594.1662722481078,0.14397048191986922,Normal
1992-11,1992-11-01,118.00808906355962,0.05485520918881619,826.7475037229073,0.09624714017756253,1589.978102462009,0.4405029578632865,Normal
1992-12,1992-12-01,60.92012348180898,1.5726422388313555,464.4140167542726,-0.2717369357808256,1419.469065292086,0.6931388959854085,Normal
1993-01,1993-01-01,12.562574991159146,1.7685978610796684,191.49078753652765,0.3808929462067596,1169.6546227905842,0.42502982740168904,Normal
1993-02,1993-02-01,0.6421238725577817,0.1441063833323184,74.12482234552579,1.6509686831550552,900.8723260684333,0.2753512060704058,Muy húmedo
1993-03,1993-03-01,3.523646472805341,0.41514821082412035,16.728345336522153,1.362495175965869,481.142362090795,-0.21645741535807375,Moderadamente húmedo
1993-04,1993-04-01,21.374976497492362,0.29985842778931926,25.54074684285537,0.2559476897427726,217.03153437938323,0.35645326527079635,Normal
1993-05,1993-05-01,253.69593022720318,0.39805783598782735,278.5945531975008,0.3878396199146548,352.7193755430268,0.6865447526135391,Normal
1993-06,1993-06-01,343.8303247815247,0.9090753580339394,618.9012315062201,0.7294011045687588,635.6295768427426,0.7594190095653814,Normal
1993-07,1993-07-01,187.26949443782593,0.4261346179959508,784.7957494465538,0.7398328404891779,810.3364962894093,0.742251728262091,Normal
1993-08,1993-08-01,344.70837987914183,1.2115560816204054,875.8081990984924,1.1591789788243503,1154.4027522959932,1.0740588777880846,Moderadamente húmedo
1993-09,1993-09-01,392.0118425765407,0.618852877373714,923.9897168935083,0.991730737238521,1542.8909483997288,1.0967377201864208,Normal
1993-10,1993-10-01,303.020921927659,-0.3114167675504082,1039.7411443833414,0.6005514807471124,1824.5368938298952,0.8385031214759641,Normal
1993-11,1993-11-01,94.222701393153,-0.281856199874528,789.2554658973527,-0.10007571286890711,1665.0636649958453,0.6703096044124461,Normal
1993-12,1993-12-01,28.510267693302293,-0.07277968418110212,425.7538910141142,-0.5389124460092402,1349.7436079076228,0.45793071072062674,Normal
1994-01,1994-01-01,5.414519738665931,-0.7697300198730441,128.14748882512112,-0.3494373249146708,1167.8886332084628,0.4183584957003737,Normal
1994-02,1994-02-01,0.9023107668923701,0.4430247038687005,34.82709819886048,-0.20214697522204073,824.0825640962133,-0.10736366514645468,Normal
1994-03,1994-03-01,2.520115346272033,-0.1335513842761533,8.83694585183022,-0.6372059654918291,434.59083686594465,-0.535691491112585,Normal
1994-04,1994-04-01,34.778720112480165,0.8519034197528457,38.20114622564446,0.8057734552587754,166.34863505076578,-0.17652927547467587,Normal
1994-05,1994-05-01,133.44729454353075,-0.7861711785196137,170.74613000228283,-0.6898610428553,205.57322820114354,-0.6915256014321823,Normal
1994-06,1994-06-01,129.21081375110677,-1.754019164548478,297.43682840711756,-1.5095577793245991,306.27377425894804,-1.533033331625992,Severamente seco
1994-07,1994-07-01,122.96377750238814,-0.4979404678953205,385.6218857970255,-1.632926555889825,423.8230320226702,-1.5437117249329333,Severamente seco
1994-08,1994-08-01,190.05778009250437,-0.14957876446790058,442.2323713459991,-1.1272993830836515,612.9785013482822,-1.2979428514035238,Moderadamente seco
1994-09,1994-09-01,205.65859061483096,-1.2475186517154175,518.6801482097233,-0.9533494918719414,816.1169766168412,-1.5984713875936913,Normal
1994-10,1994-10-01,303.8271744953849,-0.3048538407223306,699.5435452027201,-0.8958148552666855,1085.1654309997457,-1.6737922580091427,Normal
1994-11,1994-11-01,162.21578474058558,0.575375878199921,671.7015498508013,-0.7594859039557055,1113.9339211968006,-1.218219600282238,Normal
1994-12,1994-12-01,31.225509021618038,0.10257712636695214,497.2684682575884,-0.0562323144658867,1015.9486164673119,-0.7971733579112811,Normal
1995-01,1995-01-01,5.578853492757243,-0.6911694884256189,199.02014725496068,0.4562788167341438,898.5636924576811,-0.6897843179413105,Normal
1995-02,1995-02-01,0.11100055732347891,-1.0106138732074086,36.915363071698586,-0.07557904075937506,708.6169129225002,-0.7307047797324082,Normal
1995-03,1995-03-01,3.9265621876558368,0.60597788818644,9.616416237736388,-0.3960681384258294,506.884884495325,-0.04878803645090889,Normal
1995-04,1995-04-01,71.32115261015501,1.8671898254342574,75.35871535513415,1.935224161490226,274.3788626100952,0.8677144413126353,Muy húmedo
1995-05,1995-05-01,160.37271525779198,-0.4717345399793471,235.62043005560264,-0.0004959079038883057,272.5357931273016,-0.002412583238028128,Normal
1995-06,1995-06-01,296.3547095520935,0.4478967458560864,528.0485774200403,0.1977550391853335,537.664993657777,0.1844709644487483,Normal
1995-07,1995-07-01,207.04026547548483,0.6664578188048683,663.76769028537,0.1299136543796363,739.1264056405046,0.3874011554867792,Normal
1995-08,1995-08-01,380.82425178130825,1.4682923551586964,884.2192268088863,1.1950486750163878,1119.8396568644894,0.9482958086444708,Moderadamente húmedo
1995-09,1995-09-01,438.9935438148946,0.989669783757687,1026.8580610716874,1.3902932331597468,1554.906638491728,1.1332346499310175,Moderadamente húmedo
1995-10,1995-10-01,462.0531806499996,0.8064362909129981,1281.8709762462022,1.4755221710998634,1945.6386665315727,1.1805625247104756,Moderadamente húmedo
1995-11,1995-11-01,114.61245560492706,0.009791212188444311,1015.6591800698211,1.0047114244424793,1899.878406878708,1.3476875700374538,Moderadamente húmedo
1995-12,1995-12-01,36.95261366764534,0.44152026917398224,613.6182499225719,0.6382269673633268,1640.4763109942596,1.3918889929073432,Normal
1996-01,1996-01-01,6.623194119557683,-0.22550350039360453,158.18826339212987,0.0215101936470916,1440.0592396383327,1.3769358623165002,Normal
1996-02,1996-02-01,0.40738988633556744,-0.20941152586112483,43.98319767353836,0.3201544021280112,1059.64237774336,1.002895684402912,Normal
1996-03,1996-03-01,3.676473641366832,0.4891401138711359,10.707057647259855,-0.07991394639681187,624.3253075698321,0.6514838409656631,Normal
1996-04,1996-04-01,11.073385632686893,-0.3194858878644909,15.157249160389066,-0.3563646262137186,173.34551255251938,-0.0969823484085294,Normal
1996-05,1996-05-01,395.9656341473038,1.3822127307783167,410.7154934213573,1.3781049925290676,454.6986910948961,1.4275389087192065,Moderadamente húmedo
1996-06,1996-06-01,269.35014762075104,0.16344543956332372,676.3891674007415,1.0397028451559054,687.0962250480018,1.0382950350268423,Moderadamente húmedo
1996-07,1996-07-01,243.85951735262546,1.0767743288852434,909.1752991206802,1.3052085819190982,924.3325482810695,1.2699386626573035,Moderadamente húmedo
1996-08,1996-08-01,247.9705795262914,0.4244929749191752,761.1802444996677,0.6462079183686427,1171.8957379210253,1.136773594672988,Normal
1996-09,1996-09-01,333.7687386387472,0.1159816811215041,825.5988355176638,0.582399373428344,1501.988002918406,0.9710845415998134,Normal
1996-10,1996-10-01,464.7208963963877,0.8228247275226912,1046.460214561426,0.6265431810002798,1955.6355136821066,1.2081680727096273,Normal
1996-11,1996-11-01,198.29716363626738,0.93442003203171,996.786798671402,0.9192493211838332,1757.9670431710701,0.945374344988948,Normal
1996-12,1996-12-01,17.824856689954004,-0.9015249502395782,680.8429167226088,1.0004105743634415,1506.4417522402732,0.9760880001100656,Moderadamente húmedo
1997-01,1997-01-01,6.721733076583433,-0.18420497740347266,222.8437534028046,0.6831126811071349,1269.303967964231,0.7911663097853059,Normal
1997-02,1997-02-01,0.7017656482146433,0.21902585425399576,25.248355414751853,-0.8604032830075706,1022.0351540861543,0.8374294723750955,Normal
1997-03,1997-03-01,0.9408539033553247,-1.4537211120855316,8.364352628153174,-0.7905397267784477,689.2072693507624,1.0015043302851876,Normal
1997-04,1997-04-01,54.36084307853316,1.4503723434470985,56.0034626301029,1.4062248756266098,278.84721603290797,0.9044956406960112,Moderadamente húmedo
1997-05,1997-05-01,139.87103825210002,-0.7074185444773919,195.17273523398828,-0.41223811475186545,220.42109064874057,-0.5268496972102218,Normal
1997-06,1997-06-01,244.48994371468493,-0.11573859167690465,438.72182504531787,-0.3881853812572143,447.0861776734715,-0.4130470577463598,Normal
1997-07,1997-07-01,91.73385157775847,-1.0722204315727353,476.0948335445432,-0.9846209759650244,532.0982961746465,-0.795168723159132,Normal
1997-08,1997-08-01,112.64654882503822,-1.145475749632629,448.87034411748135,-1.0826658739776516,644.0430793514702,-1.129727420087716,Moderadamente seco
1997-09,1997-09-01,300.907424397531,-0.19402357370434703,505.2878248003274,-1.0331112650519143,944.0096498456458,-1.0306018932060002,Moderadamente seco
1997-10,1997-10-01,208.27309762439225,-1.1843339521139788,621.8270708469612,-1.3047374272412269,1097.9219043915048,-1.6217912674078505,Moderadamente seco
1997-11,1997-11-01,215.14468384413317,1.0876477226702335,724.3252058660562,-0.45540607865985433,1173.195549983538,-0.9883705207917851,Normal
1997-12,1997-12-01,26.940222462479454,-0.17936588549336405,450.35800393100465,-0.3670735420028312,955.6458287313326,-1.0526174283892176,Normal
1998-01,1998-01-01,6.463495376221905,-0.2933228836342464,248.5484016828343,0.9107431881368916,870.3754725297961,-0.8181447952815321,Normal
1998-02,1998-02-01,0.0870919590188428,-1.1351792176648456,33.490809797719976,-0.2858521304748044,757.8160156637766,-0.45731218514277105,Normal
1998-03,1998-03-01,3.085147372372516,0.19029321983198888,9.635734707613036,-0.3902629803887848,459.99373863861814,-0.35877702186360877,Normal
1998-04,1998-04-01,7.7674774106417965,-0.6066630838951769,10.939716742032928,-0.6924603470730417,259.4881184248677,0.7422570624947394,Normal
1998-05,1998-05-01,130.73267824316773,-0.8202467588630438,141.5853030261818,-1.059867170876518,175.07611282390224,-1.0573480163701243,Moderadamente seco
1998-06,1998-06-01,238.61747869706605,-0.18444130846529203,377.11763435087533,-0.8410877325876029,386.75336905848883,-0.8580647885847974,Normal
1998-07,1998-07-01,177.02287338182865,0.29494796217809555,546.3730303220622,-0.537355039987042,557.3127470640956,-0.6361447138741648,Normal
1998-08,1998-08-01,280.97939478464167,0.7125263663477923,696.6197468635362,0.33459380127058036,838.2050498897185,-0.18706529224749546,Normal
1998-09,1998-09-01,324.7172556769725,0.03270964425461943,782.7195238434426,0.39393441462809736,1159.8371581943184,-0.18097724467055049,Normal
1998-10,1998-10-01,721.4828820590157,2.1795531691674337,1327.1795325206297,1.6269792152645428,1873.5525628426922,0.9786955173351517,Muy húmedo
1998-11,1998-11-01,139.95832742836217,0.32700389509661837,1186.1584651643502,1.7335699497902517,1882.7782120278866,1.3002744796643606,Muy húmedo
1998-12,1998-12-01,72.28954389744955,2.0093144195195203,933.7307533848272,2.185712092153657,1716.4502772282704,1.6178003942602581,Extremadamente húmedo
1999-01,1999-01-01,7.349228337501918,0.06968629531927861,219.5970996633134,0.6531663930123517,1546.7766321839435,1.720316803255007,Normal
1999-02,1999-02-01,2.0666819617422614,1.3361081382680196,81.7054541966935,1.9279918603190331,1267.863919361044,1.8558578599197586,Muy húmedo
1999-03,1999-03-01,2.7272095278728106,-0.009659054004477773,12.143119827116763,0.305014971608962,945.8738732119443,2.2077206692672338,Normal
1999-04,1999-04-01,75.94472477742141,1.970128020103334,80.73861626703626,2.0670749930961616,300.33571593035015,1.0762498794418323,Extremadamente húmedo
1999-05,1999-05-01,193.4584866874157,-0.13164108580687517,272.1304209927097,0.33210071966004695,353.8358751894036,0.6953677059550136,Normal
1999-06,1999-06-01,275.03159081691103,0.22481189503696306,544.4348022817479,0.29788667099822674,556.5779221088651,0.30056994572181306,Normal
1999-07,1999-07-01,135.1236988484928,-0.30165637109004073,603.6137763528193,-0.20110403589990472,684.352392619856,0.0987244115798979,Normal
1999-08,1999-08-01,206.95664744181374,0.02878981655578816,617.1119371072174,-0.07672829577025925,889.2423580999275,0.03571963325659295,Normal
1999-09,1999-09-01,438.62075395874297,0.9868321579030533,780.7011002490493,0.3848965211254143,1325.1359025307977,0.4002468117242558,Normal
1999-10,1999-10-01,362.71565507376056,0.14581954519849807,1008.293056474317,0.47740279950056574,1611.906832827137,0.1997360294149753,Normal
1999-11,1999-11-01,113.55253528933756,-0.004459343192286195,914.8889443218409,0.5355218024584948,1532.0008814290586,0.25809061703268915,Normal
1999-12,1999-12-01,33.63386674342331,0.24975985168675516,509.90205710652117,0.024092805001410374,1290.603157355571,0.25204113990264093,Normal
2000-01,2000-01-01,10.163568086546181,1.0589372131779615,157.34997011930682,0.011837002963436231,1165.6430265936244,0.4098656698355973,Normal
2000-02,2000-02-01,0.9139127836770784,0.45491222659175096,44.711347613646346,0.3584481940571797,959.6002919354877,0.5536469905202145,Normal
2000-03,2000-03-01,4.045471827236375,0.6598251758116954,15.122952697459407,1.016688444744339,525.0250098039811,0.0659675617099197,Moderadamente húmedo
2000-04,2000-04-01,10.21829510525141,-0.3870970997367556,15.177679716164636,-0.3549083745830302,172.52764983547192,-0.10616729388671313,Normal
2000-05,2000-05-01,314.38945291567956,0.853022054344724,328.6532198481671,0.7930826260817261,373.3645674618139,0.8468292133715295,Normal
2000-06,2000-06-01,242.70568534977588,-0.13649447017125632,567.3134333707067,0.43440158181765165,582.4363860681665,0.4551447972723325,Normal
2000-07,2000-07-01,114.98697330812146,-0.6340254634685415,672.0821115735766,0.17406888835034517,687.2597912897418,0.11442605153755454,Normal
2000-08,2000-08-01,261.7044105871781,0.5472206746074141,619.3970692450753,-0.06442711270875671,948.0502890932428,0.2820834419602034,Normal
2000-09,2000-09-01,514.3063644161897,1.5335995106049607,890.997748311489,0.8578069581364702,1458.311181682196,0.834407438643343,Normal
2000-10,2000-10-01,118.28083269691041,-2.3297369806752966,894.2916077002778,0.008351151884643606,1566.3737192738552,0.05577060295990823,Normal
2000-11,2000-11-01,104.59803784565842,-0.12860466655454866,737.1852349587583,-0.3833782553218892,1356.582304203834,-0.32350276889477,Normal
2000-12,2000-12-01,26.508266962819793,-0.20942494888069432,249.3871375053884,-2.032161896599166,1140.3848858168778,-0.3008430688622589,Extremadamente seco
2001-01,2001-01-01,9.360399773674736,0.7972466849413574,140.46670458215272,-0.1908491913194471,1034.7583122824312,-0.10518236731991057,Normal
2001-02,2001-02-01,0.6848895064287536,0.19828355858149055,36.55355624292306,-0.09715584534549153,773.7387912016818,-0.3714044298027703,Normal
2001-03,2001-03-01,3.778753924541702,0.5375355310315796,13.824043204644964,0.7189618810192874,263.21118071003383,-1.9678890966578928,Normal
2001-04,2001-04-01,2.7872519935040247,-1.3039564999672915,7.250895424474253,-1.074934728440837,147.71760000662744,-0.4000543572691797,Moderadamente seco
2001-05,2001-05-01,227.95641639179055,0.1832922822610095,234.52242230983606,-0.011015970619917968,271.0759785527596,-0.01613684230612646,Normal
2001-06,2001-06-01,149.54176425252382,-1.4064636575908236,380.2854326378182,-0.8166159090023506,394.10947584246355,-0.8013814531717453,Normal
2001-07,2001-07-01,128.28142703914307,-0.4105468074618741,505.77960768345724,-0.7905556752457297,513.030503107932,-0.9188669075875545,Normal
2001-08,2001-08-01,186.56843654039375,-0.18772877400739973,464.3916278320604,-0.9800440268855612,698.9140501418968,-0.8457032323896334,Normal
2001-09,2001-09-01,236.73210930815034,-0.872684768222042,551.5819728876869,-0.7632076578524204,931.8674055255055,-1.0821633481245136,Normal
2001-10,2001-10-01,519.805625514592,1.1483530880547796,943.1061713631358,0.2137944124775084,1448.8857790465936,-0.32908692343308643,Normal
2001-11,2001-11-01,92.87753701166821,-0.30255854219498723,849.4152718344103,0.21207848511307265,1313.806899666471,-0.47288621188519664,Normal
2001-12,2001-12-01,46.73350622750413,0.9479409900076481,659.416668753764,0.8876206383130968,1210.9986416414515,-0.03524538530002768,Normal
2002-01,2002-01-01,5.985217085780558,-0.5034656117027446,145.59626032495268,-0.1276032381003886,1088.7024316880888,0.11206997491845443,Normal
2002-02,2002-02-01,1.046434368020022,0.5841005808190155,53.76515768130448,0.8035689265223961,903.1804295157152,0.2865122324235635,Normal
2002-03,2002-03-01,2.7270091648445196,-0.009775789826991569,9.758660618644873,-0.3535071317384024,669.1753293724094,0.8958292337353669,Normal
2002-04,2002-04-01,7.797701134128767,-0.603667374568874,11.571144666993082,-0.6368511337216209,157.1674049919462,-0.2844252859775882,Normal
2002-05,2002-05-01,198.43680806212356,-0.08397753299772058,208.9615183610966,-0.26588748345691887,262.72667604240155,-0.09559959153372127,Normal
2002-06,2002-06-01,198.4294837015239,-0.6883349129480042,404.663992897776,-0.6327913254035717,414.4226535164213,-0.6485152096718533,Normal
2002-07,2002-07-01,155.5029906720909,0.0020197100254949526,552.3692824357381,-0.5010470218573809,563.9404271027316,-0.5951583301978621,Normal
2002-08,2002-08-01,201.12167258274445,-0.03165240696375995,555.0541469563591,-0.4231836509876037,764.0156653174562,-0.5277778560988051,Normal
2002-09,2002-09-01,354.5653645401685,0.30176483131816223,711.1900277950036,0.0636903720624238,1115.85402069278,-0.34487298782982245,Normal
2002-10,2002-10-01,251.2816884702413,-0.7600838042335568,806.968725593154,-0.37871643003998623,1359.3380080288925,-0.6367304893328323,Normal
2002-11,2002-11-01,73.07531087438174,-0.6345987288047228,678.9223638847914,-0.7168286112078773,1233.976510841151,-0.7606842463217469,Normal
2002-12,2002-12-01,27.756074080590206,-0.12347096241524895,352.11307342521303,-1.0974886566461342,1063.3031012202173,-0.6036985130054444,Moderadamente seco
2003-01,2003-01-01,6.455601918185181,-0.296704181314894,107.2869868731569,-0.6437236019943153,914.2557124663115,-0.6195062676391357,Normal
2003-02,2003-02-01,0.09559080295324267,-1.0880987354492753,34.3072668017284,-0.2344463797705512,713.2296306865202,-0.7045372071398013,Normal
2003-03,2003-03-01,7.557200257642274,1.9309757854234832,14.10839297878047,0.7856542030040494,366.22146640399393,-1.0497256060371036,Normal
2003-04,2003-04-01,40.15704390163539,1.033899071048317,47.80983496223068,1.1477002049542948,155.09682183538803,-0.30934712225450783,Moderadamente húmedo
2003-05,2003-05-01,214.5627919601218,0.06509385951854042,262.27703611939927,0.2454232484162686,296.5843029211281,0.21692558968484388,Normal
2003-06,2003-06-01,360.81291946655625,1.0638721828050866,615.5327553283132,0.7106437419498337,629.6411483070942,0.7260218072590063,Normal
2003-07,2003-07-01,152.31798673842772,-0.04359646219051714,727.6936981651056,0.46045597342275074,775.5035331273367,0.571361965677344,Normal
2003-08,2003-08-01,151.90992068946534,-0.5960072420595645,665.0408268944491,0.17517013018328967,927.3178630138489,0.19642110364430077,Normal
2003-09,2003-09-01,420.18240804982486,0.844472445457393,724.4103154777176,0.1263396033188357,1339.9430708060313,0.44990466936021634,Normal
2003-10,2003-10-01,412.2217061701004,0.4882040117376405,984.3140349093903,0.3817854136310015,1712.0077330744964,0.5069864286312452,Normal
2003-11,2003-11-01,195.90032924099575,0.9119496500480047,1028.3044434609208,1.061393904537763,1693.3452703553703,0.7550921334078864,Moderadamente húmedo
2003-12,2003-12-01,31.795892869528558,0.13810177381316724,639.9179282806244,0.7828754554613262,1364.3282437583428,0.5077826066568172,Normal
2004-01,2004-01-01,7.025592983315785,-0.059362515015116364,234.72181509383987,0.7903101132785582,1219.0358500032307,0.6089381719099458,Normal
2004-02,2004-02-01,0.09465576283161639,-1.093111242738873,38.916141615675734,0.04124398560862909,1067.220585076597,1.0357705828735198,Normal
2004-03,2004-03-01,1.3339333862673126,-1.0283374964276937,8.454182132414486,-0.7609470033037183,648.3721104130395,0.7838722311761531,Normal
2004-04,2004-04-01,7.373041658381827,-0.6465649079923894,8.801630807480528,-0.8999571118376053,243.5234459013209,0.6024229214193076,Normal
2004-05,2004-05-01,318.75218293965867,0.8834298353266502,327.4591579843076,0.7839053914754456,366.3752995999838,0.7932298922474579,Normal
2004-06,2004-06-01,220.0554917337695,-0.4093921905423631,546.1807163318098,0.30843690997427237,554.6348984642248,0.2887644259622265,Normal
2004-07,2004-07-01,176.7740696227415,0.29170074163349846,715.5817442961695,0.39935166127483385,724.3833751036505,0.31113809788551056,Normal
2004-08,2004-08-01,230.73255259618577,0.26392230425731494,627.5621139526966,-0.02072012323241498,955.0212719370046,0.31060642879202555,Normal
2004-09,2004-09-01,384.81585208894165,0.5595217183422245,792.3224743078687,0.43672357873027656,1338.503190639679,0.4450918351805969,Normal
2004-10,2004-10-01,215.10106619199064,-1.1131558701575854,830.6494708771178,-0.27107715471262017,1546.2312151732876,-0.008806060172554475,Normal
2004-11,2004-11-01,116.63998421902664,0.03680536693501929,716.5569024999586,-0.49933395966346367,1344.1190164526558,-0.3666971326386577,Normal
2004-12,2004-12-01,27.724018282534814,-0.1256460146112514,359.46506869355187,-1.0383147617507893,1151.7875430014212,-0.25722236164865475,Moderadamente seco
2005-01,2005-01-01,7.506699330751075,0.1311068334494156,151.8707018323123,-0.05225922901994688,982.5201727094308,-0.3229120883373797,Normal
2005-02,2005-02-01,0.03210063193254237,-1.5913459864485742,35.262818245218206,-0.17532395627419195,751.8197207451775,-0.4899789613739891,Normal
2005-03,2005-03-01,9.588427370792173,2.4991502485554893,17.127227333475563,1.4450540346589844,376.592296027028,-0.9677500460784555,Moderadamente húmedo
2005-04,2005-04-01,10.415068955653494,-0.3711906756053241,20.03559695837798,-0.041518130535494996,171.90629879069087,-0.11316499223350203,Normal
2005-05,2005-05-01,227.03607263799213,0.17532104151431754,247.03956896443756,0.10701378295738709,282.30238720965633,0.08816441509232271,Normal
2005-06,2005-06-01,375.15907757003765,1.1909884996235514,612.610219163683,0.694314912128216,629.7374464971592,0.7265605038695457,Normal
2005-07,2005-07-01,188.2231794662872,0.43810082594682404,790.4183296743167,0.7666089851665354,810.4539266326954,0.742819583717681,Normal
2005-08,2005-08-01,186.77131237122117,-0.18549753002137245,750.1535694075458,0.5942552877934789,997.193138371984,0.48028245454633084,Normal
2005-09,2005-09-01,434.76341839377693,0.9573779448121936,809.7579102312851,0.513544782411147,1422.3681293949685,0.7198990757305225,Normal
2005-10,2005-10-01,416.7761363856786,0.5183058976880468,1038.3108671506766,0.5950043829892777,1828.7291968249938,0.850589952220378,Normal
2005-11,2005-11-01,118.43447670996801,0.06045185992000887,969.9740314894234,0.7959839324012412,1720.1276008969696,0.8345241054449218,Normal
2005-12,2005-12-01,26.16347099679234,-0.2336581106149283,561.3740840924388,0.33828745422428,1371.1319943237243,0.5309180251653021,Normal
2006-01,2006-01-01,10.571009926613193,1.1865664815713681,155.1689576333733,-0.013493496454848661,1193.4798247840502,0.5143889334691852,Normal
2006-02,2006-02-01,2.5247921949036614,1.5963457122805236,39.25927311830897,0.060871737182020394,1009.2333046077329,0.7801920343090357,Normal
2006-03,2006-03-01,1.5643940748866907,-0.8198967150588927,14.660196196403318,0.9126071101499819,576.0342802888425,0.37511161032821694,Normal
2006-04,2006-04-01,1.4401042165067908,-1.676684248888801,5.529290486296915,-1.305545223468017,160.6982481196707,-0.24243770620834043,Moderadamente seco
2006-05,2006-05-01,165.02710201403318,-0.42115818804556204,168.03160030542642,-0.7223626911517826,207.29087342373586,-0.6720673163036238,Normal
2006-06,2006-06-01,291.9624170686478,0.4028352149970489,458.4296232991876,-0.25246596520884684,473.0898194955913,-0.23377786681456622,Normal
2006-07,2006-07-01,227.19125115413334,0.8964001337302407,684.1807702368142,0.2376763425732165,689.7100607231114,0.12762459033433543,Normal
2006-08,2006-08-01,128.8077571135421,-0.9052768026116365,647.961425336323,0.08683972288513381,815.9930256417499,-0.28686792094973435,Normal
2006-09,2006-09-01,162.71098982367613,-1.837008257753903,518.7099980913513,-0.953173298742352,977.1396213905393,-0.8921775237173024,Normal
2006-10,2006-10-01,293.46227165165743,-0.39014149982388885,584.9810185888755,-1.5109802048429222,1269.16178882569,-0.9606842668608782,Severamente seco
2006-11,2006-11-01,119.15033183911291,0.06981757029885768,575.3235933144463,-1.3613210227702326,1223.2850186507696,-0.8001749039568864,Moderadamente seco
2006-12,2006-12-01,35.4066717020938,0.3536775449932914,448.0192751928639,-0.38313029942025995,966.7292732842157,-1.0048617315703472,Normal
2007-01,2007-01-01,6.1003431180310255,-0.4518709479252687,160.6573466592375,0.0498026796974376,745.6383652481134,-1.4229028315147445,Normal
2007-02,2007-02-01,0.11112978585598698,-1.0100010667285826,41.61814460598059,0.19279459290588033,616.9417379204273,-1.276672201700018,Normal
2007-03,2007-03-01,2.9660408642860445,0.12557253833408522,9.17751376817283,-0.5301405713698929,457.1967889610372,-0.3779271726669755,Normal
2007-04,2007-04-01,27.565639242724604,0.5767573746672833,30.64280989286641,0.49529892188575075,191.30015655210437,0.09769942096909481,Normal
2007-05,2007-05-01,260.22020666327376,0.4501814557749031,290.75188677028416,0.4903974871986758,332.3700313762652,0.5224218148535452,Normal
2007-06,2007-06-01,292.00251776124355,0.4032486374159459,579.7883636672416,0.5073087233567681,588.965877435415,0.4934555965872694,Normal
2007-07,2007-07-01,154.6524200187479,-0.010100463282768129,706.875144443265,0.3550029992780408,737.5179543361318,0.37913020003221864,Normal
2007-08,2007-08-01,380.32307746459014,1.464838483163878,826.9780152445815,0.9463751622420401,1117.729902014866,0.9405373902334011,Normal
2007-09,2007-09-01,454.9297464017393,1.109535805307321,989.9052438850772,1.250238699275564,1569.6936075523192,1.1778969680248492,Moderadamente húmedo
2007-10,2007-10-01,492.3325157822101,0.988957273619573,1327.5853396485395,1.6283205181314784,2034.4604840918046,1.4226712740288314,Muy húmedo
2007-11,2007-11-01,126.35966693809199,0.16209791755916536,1073.6219291220411,1.2608647866635074,1900.599944366623,1.3496820140446817,Moderadamente húmedo
2007-12,2007-12-01,30.75181165409103,0.07274284605779976,649.443994374393,0.8343056796805006,1639.3492382594707,1.3884868716986625,Normal
2008-01,2008-01-01,6.001772320294476,-0.4960050066560547,163.11325091247733,0.07765608798065304,1490.698590561017,1.5418640417715443,Normal
2008-02,2008-02-01,1.9779477704143344,1.2817057079444152,38.73153174479967,0.0306359836803911,1112.3534608668413,1.2284645550391002,Normal
2008-03,2008-03-01,2.9612373023898213,0.12292614473573392,10.940957393098461,-0.014961336624857841,660.3849517674918,0.8488039596868078,Normal
2008-04,2008-04-01,9.579519267831634,-0.4402958272860917,14.518704340635619,-0.40258885497060454,177.6319552531133,-0.04931566961334203,Normal
2008-05,2008-05-01,259.98931407977545,0.44835162036335485,272.53007064999673,0.3355720834148454,311.26160239479674,0.34502417252347584,Normal
2008-06,2008-06-01,318.59599283080087,0.669559474428216,588.1648261784078,0.5556839542929441,599.1057835715067,0.5523979930152978,Normal
2008-07,2008-07-01,228.52378922092439,0.9111294331722312,807.1090961315006,0.8453656603786334,821.6278004721364,0.796607423149435,Normal
2008-08,2008-08-01,387.4555020015657,1.5137222144140057,934.5752840532908,1.4052964886952732,1207.105354703288,1.2611782086394232,Moderadamente húmedo
2008-09,2008-09-01,510.85020338638196,1.509808961595224,1126.829494608872,1.753568451636483,1714.9943207872798,1.6028448878738621,Muy húmedo
2008-10,2008-10-01,553.6270517282406,1.3372722922338867,1451.9327571161882,2.0274776664600784,2259.041853247689,2.0055787407395798,Extremadamente húmedo
2008-11,2008-11-01,111.14893879365412,-0.03711183793834437,1175.6261939082767,1.69059731490391,2110.201477961568,1.9093711192352143,Muy húmedo
2008-12,2008-12-01,44.232479872057915,0.8255832376916478,709.0084703939526,1.1452101446841785,1835.8379650028248,1.9600560398078148,Moderadamente húmedo
2009-01,2009-01-01,7.965808418250164,0.3054205696787014,163.34722708396208,0.08029499636175812,1615.2799842001505,1.9327195908262587,Normal
2009-02,2009-02-01,0.11518503424452851,-0.9910499169429686,52.3134733245525,0.7356954259238189,1227.9396672328294,1.6997755561076189,Normal
2009-03,2009-03-01,1.3288477734045308,-1.0332177272724312,9.40984122589911,-0.4586427128624954,718.4183116198519,1.1520710940801777,Normal
2009-04,2009-04-01,13.838289689159751,-0.12343962658304217,15.282322496808696,-0.34747105498360836,178.62954958077103,-0.03833348438775076,Normal
2009-05,2009-05-01,224.15609617127072,0.15023697106066164,239.3232336338349,0.03474037074232922,291.6367069583876,0.17279689197139958,Normal
2009-06,2009-06-01,339.3372264501138,0.8672902171772958,577.3316123105442,0.493033266681956,586.7414535364435,0.4804357814563097,Normal
2009-07,2009-07-01,158.59585873983858,0.045720406412937564,722.089181361223,0.4322657236332679,737.3715038580319,0.3783765311781951,Normal
2009-08,2009-08-01,76.24500282995433,-1.793896062390647,574.1780880199066,-0.3137550710077144,813.5013216537417,-0.29817697967933826,Normal
2009-09,2009-09-01,117.45686127398851,-2.5931591847824516,352.2977228437813,-2.0699026404898055,929.6293351543258,-1.0917171588935586,Extremadamente seco
2009-10,2009-10-01,235.88266141252635,-0.9057506452559273,429.58452551646906,-2.4969537553954355,1151.6737068776924,-1.4071189962131005,Extremadamente seco
2009-11,2009-11-01,95.39180430694583,-0.26402763082203906,448.7313269934606,-2.268334760474631,1022.9094150133674,-1.5881209613368705,Extremadamente seco
2009-12,2009-12-01,30.80502057627203,0.07610931153912215,362.0794862957441,-1.017472991653877,714.3772091395257,-2.202302089963873,Moderadamente seco
2010-01,2010-01-01,4.964810037728763,-0.99343515165509,131.16163492094654,-0.30970615472048096,560.7461604374158,-2.4638910304128503,Normal
2010-02,2010-02-01,1.8354038585277757,1.1910503595389272,37.60523447252849,-0.03482860772337954,486.3365614659893,-2.160659433032311,Normal
2010-03,2010-03-01,1.2516877795853478,-1.1089623557160673,8.051901675841801,-0.8951987157909501,370.13138797158615,-1.018634820486719,Normal
2010-04,2010-04-01,114.51293856328084,2.712019865486127,117.60003020139388,2.8538304545802404,248.7616651223406,0.6489479664322868,Extremadamente húmedo
2010-05,2010-05-01,269.97293979089375,0.5265154726073104,385.73756613375986,1.20871727138139,423.3428006062885,1.212305226626881,Moderadamente húmedo
2010-06,2010-06-01,238.8641670837621,-0.18153253429312952,623.3500454379366,0.7540719279396338,631.4019471137785,0.7358632642598599,Normal
2010-07,2010-07-01,300.43152795158016,1.6355826318227202,809.2686348262359,0.8554773380815837,926.86866502763,1.2811820672168766,Normal
2010-08,2010-08-01,441.18645644574957,1.8648536762477743,980.4821514810917,1.590672536312588,1366.2197176148518,1.7957882692591027,Muy húmedo
2010-09,2010-09-01,336.1548115098697,0.13768169147994175,1077.7727959071995,1.578022596221734,1701.122841345136,1.5633117735801836,Muy húmedo
2010-10,2010-10-01,135.07743267718476,-2.077148901530499,912.418700632804,0.0854943140298484,1721.68733545904,0.5360591319574527,Normal
2010-11,2010-11-01,129.2736755420949,0.1983964853433425,600.5059197291492,-1.197798218932839,1580.9880712102413,0.41251016305905436,Moderadamente seco
2010-12,2010-12-01,12.733928641262535,-1.4268934861740485,277.08503686054206,-1.7569685365383887,1354.8578327677417,0.4754520994238593,Severamente seco
2011-01,2011-01-01,5.098085074019589,-0.9257335906532767,147.10568925737692,-0.10928043081860742,1059.524389890181,-0.004524142498204259,Normal
2011-02,2011-02-01,0.10490524534014059,-1.0401787888356153,17.93691896062215,-1.4927702445022653,618.4428386897716,-1.2673004912096677,Moderadamente seco
2011-03,2011-03-01,1.1069103914599332,-1.2607024129153301,6.309900710819549,-1.5369271567583112,283.3949375713619,-1.7703480792600048,Severamente seco
2011-04,2011-04-01,7.157187176195411,-0.6690688134169316,8.36900281299537,-0.9463252510315734,155.47469207037253,-0.3047821983221721,Normal
2011-05,2011-05-01,254.5626981527266,0.4050331875083786,262.8267957203818,0.2503157343289369,280.7637146810042,0.0740350543070358,Normal
2011-06,2011-06-01,262.4297404195923,0.08752071594328859,524.1496257485142,0.17362625872295528,530.459526459334,0.13952522624644062,Normal
2011-07,2011-07-01,187.8084095036114,0.43290149633492375,704.8008480759302,0.3443838679042114,713.1698508889258,0.25244028520338846,Normal
2011-08,2011-08-01,171.42557446570805,-0.3591361070747834,621.6637243889116,-0.05225537455730351,884.4905201092937,0.015344028327804259,Normal
2011-09,2011-09-01,312.3603061401683,-0.0835158138201256,671.5942901094877,-0.12873327619773653,1195.743915858002,-0.050238928434162,Normal
2011-10,2011-10-01,435.4480317104038,0.6395012777933728,919.2339123162801,0.1142331955264945,1624.0347603922105,0.2376242775061905,Normal
2011-11,2011-11-01,75.45707417316652,-0.5915765639590915,823.2654120237386,0.07826705335982041,1444.9291364126502,-0.0246926548674961,Normal
2011-12,2011-12-01,16.128686849003003,-1.0631161158433415,527.0337927325733,0.1309209031516291,1198.628082842061,-0.08101108496787364,Normal
2012-01,2012-01-01,5.537622666282265,-0.7107297146820268,97.12338368845172,-0.8016900917416191,1016.357296004732,-0.1810192602566982,Normal
2012-02,2012-02-01,2.887389505564464,1.782590001257347,24.553699020849674,-0.9144555621412187,847.8191110445883,0.013388530812343208,Normal
2012-03,2012-03-01,1.106991632551273,-1.260613335163344,9.532003804397945,-0.42152686426355984,536.5657965369713,0.13760354098221872,Normal
2012-04,2012-04-01,16.037099423278505,0.01369046869210382,20.031480561394186,-0.04176019067856035,117.15486424984603,-0.8129697914523807,Normal
2012-05,2012-05-01,389.7688165498171,1.3446149998045442,406.9129076056468,1.3527521578432717,431.46660662649657,1.2690277228349762,Moderadamente húmedo
2012-06,2012-06-01,200.8869684422456,-0.6556250614308069,606.6928844153412,0.6610961175106458,616.2248882197391,0.6504352251913808,Normal
2012-07,2012-07-01,50.92396436372685,-2.0867062189137897,641.5797493557894,0.010246618760390763,661.6112299171838,-0.025654106013879536,Normal
2012-08,2012-08-01,205.61046488129813,0.01494773336190231,457.42139768727054,-1.02583292798926,864.3343052929174,-0.0719072341694092,Moderadamente seco
2012-09,2012-09-01,241.4042228304224,-0.819311915361753,497.9386520754474,-1.0774995685854463,1104.6315364907887,-0.3873844788601196,Moderadamente seco
2012-10,2012-10-01,245.21443068022228,-0.8167220674607668,692.2291183919427,-0.9329340014209746,1333.8088677477324,-0.7269291736534254,Normal
2012-11,2012-11-01,39.03183986253387,-1.4007972474691694,525.6504933731785,-1.6989083922140973,983.0718910604492,-1.7571417417492496,Severamente seco
2012-12,2012-12-01,9.51537501398016,-1.8436688277502546,293.7616455567362,-1.6005093134431583,791.7002976321837,-1.8080120165447588,Severamente seco
2013-01,2013-01-01,5.738287618003993,-0.6164485938830995,54.28550249451797,-1.6389708772917615,746.5146208864609,-1.4184212652324248,Severamente seco
2013-02,2013-02-01,0.1830973108434354,-0.731942786576156,15.43675994282753,-1.7512294483914124,541.0872533160062,-1.7722027061928318,Severamente seco
2013-03,2013-03-01,2.4220629216518947,-0.19463174383235005,8.343447850499267,-0.7974575925749365,302.10509340723564,-1.5958749059218342,Normal
2013-04,2013-04-01,1.3976486187907926,-1.6924802752219796,4.002808851286066,-1.561378583283388,58.288311345804146,-1.8992504444546339,Severamente seco
2013-05,2013-05-01,214.1483364853911,0.061358526312566795,217.96804802583372,-0.17379792005206637,233.40480796866137,-0.38894320144052946,Normal
2013-06,2013-06-01,321.5465813192245,0.6981928154521859,537.0925664234063,0.2532714453384155,545.4360142739057,0.2324975097904963,Normal
2013-07,2013-07-01,186.680714630715,0.41872690209582347,722.3756324353305,0.4337100507429966,726.3784412866167,0.32151806634561697,Normal
2013-08,2013-08-01,143.7919351276734,-0.7007163243265552,652.0192310776129,0.10796490802377147,869.9872791034468,-0.047300849277332406,Normal
2013-09,2013-09-01,423.1442989703879,0.8676120626469442,753.6169487287762,0.2620951503504614,1290.7095151521828,0.2833541724796593,Normal
2013-10,2013-10-01,349.68555892568605,0.05058480777134348,916.6217930237473,0.10323506016074274,1638.997425459078,0.28411009044002106,Normal
2013-11,2013-11-01,64.55511053213704,-0.7970897292967116,837.384968428211,0.15086400694557317,1489.404199505824,0.1211257613978224,Normal
2013-12,2013-12-01,10.671447566671354,-1.683557331429601,424.9121170244943,-0.5449091807045275,1178.5290657532707,-0.15604709230988867,Normal
2014-01,2014-01-01,6.185914649474197,-0.41394776650743814,81.41247274828247,-1.0704893327873048,998.0342657720299,-0.2574546246629894,Moderadamente seco
2014-02,2014-02-01,0.10965133534746521,-1.0170457425895536,16.9670135514929,-1.589763224866726,854.3519819797041,0.0462253734092512,Severamente seco
2014-03,2014-03-01,1.9954765956313483,-0.4820929902548296,8.291042580452896,-0.8148519994898643,433.2031596049475,-0.5455552596846562,Normal
2014-04,2014-04-01,13.21942843773278,-0.16474699818584776,15.32455636871148,-0.34447943619930904,96.73702911699418,-1.1328410193308116,Normal
2014-05,2014-05-01,110.22408880501972,-1.095245923304019,125.43899383838374,-1.2882125055318023,142.40600738987686,-1.5023477272604788,Moderadamente seco
2014-06,2014-06-01,118.1831968784664,-1.9589843560473397,241.6267141212188,-2.056628748426984,249.91775670167192,-2.0835992675964286,Extremadamente seco
2014-07,2014-07-01,24.608185780454654,-3.1411453494552646,253.01547146394068,-2.8128165030448034,268.34002783265237,-2.9005941570402656,Extremadamente seco
2014-08,2014-08-01,139.0498053133649,-0.7637846189208529,281.84118797228587,-2.385926266828854,407.28018181066983,-2.5960728227288365,Extremadamente seco
2014-09,2014-09-01,566.485354252029,1.8809477923441738,730.1433453458485,0.15327087270811066,971.7700594670674,-0.914393554282677,Normal
2014-10,2014-10-01,410.7322051686135,0.47831180558578146,1116.2673647340073,0.8903044623494252,1369.2828361979482,-0.601903264302848,Normal
2014-11,2014-11-01,136.00403217065553,0.28019486607077004,1113.221591591298,1.4307191977507854,1395.0627795635842,-0.19179745589379307,Moderadamente húmedo
2014-12,2014-12-01,9.35744025458058,-1.866636345585152,556.0936775938494,0.306960064143001,1286.2370229396981,0.23659480882306408,Normal
2015-01,2015-01-01,6.790273225848114,-0.15571885284492265,152.151745651084,-0.048934019463483386,1268.4191103850917,0.78800007063618,Normal
2015-02,2015-02-01,0.8567410831146308,0.3953212530108925,17.004454563543096,-1.5859463104031253,1130.2260461548412,1.3033594386282004,Severamente seco
2015-03,2015-03-01,4.085044382207162,0.6775158851044346,11.73205869116968,0.1980792960632184,567.8257362850195,0.3266263794525673,Normal
2015-04,2015-04-01,36.64650645612911,0.9170201852954608,41.588291921450676,0.9319950424857156,193.74003757253513,0.12319547150321133,Normal
2015-05,2015-05-01,18.55096213202733,-3.33732652973327,59.28251297036338,-2.5408759444708178,76.28696753390693,-2.698205904083862,Extremadamente seco
2015-06,2015-06-01,144.33831707183734,-1.4920869988522842,199.53578565999356,-2.5320796375699293,211.2678443511637,-2.5144616237942534,Extremadamente seco
2015-07,2015-07-01,108.41834318995748,-0.7510500650801236,271.30762239382193,-2.627152008908736,312.89591431527305,-2.4645981365661838,Extremadamente seco
2015-08,2015-08-01,58.461744532595105,-2.1969697152784233,311.2184047943897,-2.123141566864092,370.5009177647535,-2.8749775027257947,Extremadamente seco
2015-09,2015-09-01,276.31658823215855,-0.44124539997825013,443.19667595471094,-1.4232495302728414,642.7324616147049,-2.4766063090186816,Moderadamente seco
2015-10,2015-10-01,305.08392398561136,-0.29464730797940175,639.8622567503648,-1.2068473595064386,911.1698791441872,-2.429372261276007,Moderadamente seco
2015-11,2015-11-01,103.33404988664049,-0.14670307474181984,684.7345621044102,-0.6827155610816078,995.9529668988004,-1.7019828080300088,Normal
2015-12,2015-12-01,27.649984338313935,-0.13067587549391085,436.06795821056556,-0.46608000820714934,879.2646341652769,-1.392466678073967,Normal
2016-01,2016-01-01,6.019935429402385,-0.48783587624434144,137.00396965435658,-0.2344353190229933,776.8662264047217,-1.2653704186727754,Normal
2016-02,2016-02-01,0.11323856967695964,-1.0000795526670148,33.783158337393054,-0.2673486773789877,718.5177204418037,-0.6746789445393744,Normal
2016-03,2016-03-01,1.6060578802462693,-0.7845840190397534,7.739231879325386,-1.0027607427080834,443.8071900898914,-0.4707163136298058,Moderadamente seco
2016-04,2016-04-01,45.836022788693136,1.2099986906385605,47.555319238616136,1.1392378925354527,184.55928889297317,0.026108310217319554,Moderadamente húmedo
2016-05,2016-05-01,146.98817406230614,-0.6230472348013342,194.43025473124533,-0.420315568604176,228.21341306863883,-0.443441636177883,Normal
2016-06,2016-06-01,234.29475608175684,-0.23574354301352624,427.11895293275586,-0.4700248562177459,434.85818481208173,-0.49978745573530536,Normal
2016-07,2016-07-01,115.80216482549451,-0.6198263873665137,497.0850949695573,-0.8465720439371653,544.6404142081739,-0.7154419965545874,Normal
2016-08,2016-08-01,191.41748683545913,-0.13484080459600725,541.5144077427103,-0.5022085686901775,735.9446624739561,-0.6625162941632932,Normal
2016-09,2016-09-01,320.4484313427248,-0.007101500175001434,627.6680830036782,-0.35132518282127684,1054.7870359364347,-0.5797967730020657,Normal
2016-10,2016-10-01,385.35523146270464,0.30600764363400224,897.2211496408884,0.02088861792711291,1394.3062446104461,-0.5150181652759641,Normal
2016-11,2016-11-01,212.31747372269945,1.0624851112174922,918.1211365281285,0.5510862152899023,1459.6355442708395,0.023851841991138014,Normal
2016-12,2016-12-01,66.26322847194547,1.7837078272326896,663.9359336573493,0.9116075312171358,1291.6040166610278,0.25557704439787565,Normal
2017-01,2017-01-01,6.606579476908151,-0.23250752566553226,285.18728167155285,1.210278996465258,1182.4084313124417,0.47301266546440646,Moderadamente húmedo
2017-02,2017-02-01,0.11135670652933653,-1.008926357311485,72.98116465538273,1.607641248531206,991.1023011835118,0.6983044921434836,Muy húmedo
2017-03,2017-03-01,1.9006271738175575,-0.5516798412118469,8.618563357254818,-0.7073463876871157,672.5544970146046,0.91379900229685,Normal
2017-04,2017-04-01,17.87467754553854,0.11865921388390117,19.886661425885205,-0.050297835444950055,305.0739430974385,1.1130470956738372,Normal
2017-05,2017-05-01,497.5742928472439,1.9518360661930947,517.3495975665998,2.0355530500658943,590.3307622219829,2.262950548877755,Extremadamente húmedo
2017-06,2017-06-01,280.62923699480797,0.2844545293962788,796.07820738759,1.6345808368414816,804.6967707448455,1.6280742565317161,Muy húmedo
2017-07,2017-07-01,200.7112136496299,0.5912320482250604,978.9147434916815,1.6004113319156743,998.8014049175672,1.5921062290808858,Muy húmedo
2017-08,2017-08-01,163.47798068072612,-0.45325112173414434,644.8184313251638,0.07041638448380778,1162.168028891764,1.1019744574562713,Normal
2017-09,2017-09-01,356.9541697248098,0.3226368266319396,721.1433640551656,0.11092932823481064,1517.2215714427562,1.0181407379246754,Normal
2017-10,2017-10-01,666.9075086671008,1.9208215833018112,1187.3396590726366,1.1479579262701434,2166.2544025643183,1.7695252609629124,Moderadamente húmedo
2017-11,2017-11-01,57.752292571334586,-0.9381188830961933,1081.613970963245,1.2954695999529258,1726.4324022884093,0.8531045320364886,Moderadamente húmedo
2017-12,2017-12-01,15.576278148922018,-1.11832711090144,740.2360793873571,1.3014465443592016,1461.3794434425233,0.8308683528448187,Moderadamente húmedo
2018-01,2018-01-01,7.43099833994232,0.10168855315616862,80.7595690601987,-1.0824272518742768,1268.0992281328356,0.786855095305856,Moderadamente seco
2018-02,2018-02-01,0.10965133245443658,-1.017045756447602,23.116927821318548,-1.0297286874030627,1104.730898784564,1.196283432050668,Moderadamente seco
2018-03,2018-03-01,2.3610155351233093,-0.23351636288905517,9.901665207519839,-0.31113908224749764,750.1377445948775,1.3111265026300887,Normal
2018-04,2018-04-01,27.19832602259416,0.5615488503209295,29.66899289017168,0.45177361462984605,110.42856195037083,-0.91368786538078,Normal
2018-05,2018-05-01,296.8549768096773,0.7279653899053018,326.4143183673945,0.7758571198742045,349.5312461887135,0.6612498971814237,Normal
2018-06,2018-06-01,226.9195787087136,-0.324765564895686,550.9728815409848,0.33728061661086034,560.874546748505,0.3265788565631542,Normal
2018-07,2018-07-01,55.688695100580105,-1.9430393879770291,579.4632506189707,-0.340230617033401,609.1322435091429,-0.324022501397856,Normal
2018-08,2018-08-01,119.06662874299813,-1.0473312084277844,401.6749025522916,-1.4105672915049374,728.0892209196866,-0.7008439882532983,Moderadamente seco
2018-09,2018-09-01,186.33398539006362,-1.5008965785880994,361.08930923364164,-2.0025602678357046,912.0621907746269,-1.1672583346452918,Extremadamente seco
2018-10,2018-10-01,590.263925537982,1.5337214593694957,895.6645396710435,0.014230254052858788,1475.1277902900147,-0.24136241764258284,Normal
2018-11,2018-11-01,39.84519860443678,-1.3776444082907138,816.4431095324821,0.042891943463997814,1218.1180120847741,-0.8193438291037364,Normal
2018-12,2018-12-01,10.21332024912873,-1.7454065548526938,640.3224443915473,0.7850695567238954,1001.4117536251894,-0.8577890933869662,Normal
2019-01,2019-01-01,5.817708884303756,-0.5797543024087466,55.87622773786904,-1.6005178797062396,951.540767408913,-0.4557304540584163,Severamente seco
2019-02,2019-02-01,0.10965134610530625,-1.017045691057857,16.140680479537565,-1.6755872507825744,832.5837900120202,-0.06385232648351244,Severamente seco
2019-03,2019-03-01,2.156299691357082,-0.36916598230729586,8.083659921765918,-0.884435121752538,648.4061043133137,0.7840570824601779,Normal
2019-04,2019-04-01,3.237530835463379,-1.2121754211449627,5.50348187292554,-1.3093914098666857,61.37970961079503,-1.825842487682732,Moderadamente seco
2019-05,2019-05-01,432.43730635579675,1.5962613566213182,437.831136882617,1.5546872488170465,453.971817362155,1.4226593355559611,Muy húmedo
2019-06,2019-06-01,98.38799147028993,-2.3641358282196663,534.0628286615498,0.23474312940513045,542.1464885833161,0.2122234499671815,Normal
2019-07,2019-07-01,119.90773359435974,-0.5493403929689825,650.7330314204462,0.059942826597372566,656.2365132933721,-0.05546612527023062,Normal
2019-08,2019-08-01,122.84178266172816,-0.9913457491687208,341.13750772637763,-1.8730061483626295,778.9686446089951,-0.45736808743626445,Severamente seco
2019-09,2019-09-01,261.05387388315347,-0.6022700664145693,503.8033901392411,-1.0420411870170296,1037.8662188007913,-0.6465086931587292,Moderadamente seco
2019-10,2019-10-01,487.4037768552373,0.959755044037291,871.2994334001187,-0.09101395843475427,1522.0324648205653,-0.08713402640311331,Normal
2019-11,2019-11-01,123.11590507034285,0.12102663850274463,871.5735558087333,0.32333609070669417,1212.7110635351116,-0.8394619762718188,Normal
2019-12,2019-12-01,29.747057522217226,0.008426641252836431,640.2667394477971,0.7847674662542347,1144.0701295870388,-0.2867133287816443,Normal
2020-01,2020-01-01,8.628921066929948,0.5458039172955317,161.4918836594898,0.05929934171698569,1032.791317059609,-0.11324571168530224,Normal
2020-02,2020-02-01,0.4069108423906582,-0.21026575068148448,38.782889431537605,0.03359047937486177,910.3564452402715,0.32109195047495165,Normal
2020-03,2020-03-01,1.6059426687618534,-0.7846807706393152,10.641774578082233,-0.09821215221689437,650.9085140258799,0.797647219946216,Normal
2020-04,2020-04-01,13.01463816865164,-0.17871370055782707,15.027491679803925,-0.3656457123971416,176.51937533929419,-0.06161278430992835,Normal
2020-05,2020-05-01,247.12008774522891,0.3446181872848458,261.7406685826422,0.24064337038435815,300.52355801418025,0.2517118495450305,Normal
2020-06,2020-06-01,342.24029583747404,0.894329293994009,602.3750217513543,0.6367218030801977,613.016796329437,0.6322010022108975,Normal
2020-07,2020-07-01,168.63322436616244,0.18373337915210458,757.9936079488651,0.610430233754843,773.0210996286696,0.5589916915472616,Normal
2020-08,2020-08-01,198.98814809919645,-0.05404669136433018,709.8616683028326,0.4000181110269853,971.6023368854753,0.3779001909464257,Normal
2020-09,2020-09-01,345.48991531530356,0.22160702002551405,713.1112877806622,0.07284294315205843,1315.486309532017,0.3676874118497676,Normal
2020-10,2020-10-01,444.6421284973506,0.6979266222496048,989.1201919118503,0.4010727418275452,1747.113799860716,0.611916119391815,Normal
2020-11,2020-11-01,213.19883477041785,1.070352226637222,1003.3308785830717,0.9490028967541422,1713.1925468859051,0.8140344673589959,Normal
2020-12,2020-12-01,48.34932013226056,1.0247542246295602,706.1902834000288,1.1308922286323773,1419.3015711806916,0.692583123042377,Moderadamente húmedo
2021-01,2021-01-01,9.382276695426386,0.8045650081587786,270.9304315981046,1.0968408554460072,1260.0506235099554,0.7579834428649803,Moderadamente húmedo
2021-02,2021-02-01,0.8865081461855421,0.4266682361174173,58.618104973872256,1.022171746128525,1061.9489835569445,1.0129181920526942,Moderadamente húmedo
2021-03,2021-03-01,1.9812777116829696,-0.4923617735259409,12.25006255329467,0.3324406829840829,718.4403459533239,1.15218315112093,Normal
2021-04,2021-04-01,65.27925941058511,1.7264181008937014,68.1470452684534,1.7491529742232836,339.0774768665584,1.3669442489665267,Muy húmedo
2021-05,2021-05-01,145.10604451235102,-0.6450787903994007,212.36658163461885,-0.2307616653335811,270.9846866084916,-0.01699675529265023,Normal
2021-06,2021-06-01,202.37935113506995,-0.6358941150821826,412.76465505800587,-0.5733822187486108,425.01471761130097,-0.5708210617524955,Normal
2021-07,2021-07-01,188.2047466938758,0.43786992341816217,535.6901423412966,-0.6027157419216204,603.8371876097503,-0.3550735568509913,Normal
2021-08,2021-08-01,543.4533974210614,2.4653065630926156,934.0374952500069,1.4030903625285207,1146.4040768846262,1.0451757364392293,Moderadamente húmedo
2021-09,2021-09-01,321.93192750129623,0.006773600428743151,1053.590071616233,1.4895885794010943,1466.3547266742394,0.8597779662257856,Moderadamente húmedo
2021-10,2021-10-01,350.60581673021164,0.05738784900135502,1215.991141652569,1.2489769494357978,1751.6812839938661,0.6254652367953325,Moderadamente húmedo
2021-11,2021-11-01,20.94399994107312,-2.0459594748194156,693.4817441725806,-0.631744047093442,1627.519239422588,0.55627760459627,Normal
2021-12,2021-12-01,9.290158063685798,-1.8765077439389843,380.8399747349702,-0.870867914836937,1434.430046351204,0.742608537803844,Normal
2022-01,2022-01-01,3.4855565016130408,-1.8471914403931862,33.719714506371616,-2.2333042410833723,1249.7108561589412,0.7207143250221008,Extremadamente seco
2022-02,2022-02-01,0.6681903993032764,0.17741214951498527,13.443904964601774,-1.9798881532078028,706.9256491371832,-0.7403280960262816,Severamente seco
2022-03,2022-03-01,2.16547834423932,-0.36289877628420747,6.319225245155296,-1.533181622132244,387.1591999801263,-0.8858028326774722,Severamente seco
2022-04,2022-04-01,38.78278740019524,0.9889499362048848,41.616456143737494,0.9330163954846699,75.3361706501099,-1.5245678270831844,Normal
2022-05,2022-05-01,234.23845200014716,0.23713733695906292,275.18671774458136,0.3585625116722883,288.63062270918397,0.1457410453090342,Normal
2022-06,2022-06-01,394.776215601053,1.3598144523768567,667.7974550013951,0.9944523775694478,674.1166802465511,0.9692881451094806,Normal
2022-07,2022-07-01,212.27090670134734,0.7274996898722437,841.2855743025472,1.0033621657369332,882.9020304462855,1.0833507845353079,Moderadamente húmedo
2022-08,2022-08-01,146.0526207836517,-0.6711557625202792,753.0997430860517,0.608185267579344,1028.286460830634,0.6023680623491232,Normal
2022-09,2022-09-01,237.09002421620283,-0.8685706342761279,595.4135517012016,-0.5215525855300435,1263.2110067025974,0.18848847511660596,Normal
2022-10,2022-10-01,158.49769566763433,-1.7603765126708997,541.6403406674885,-1.7654283570234504,1382.9259149700365,-0.5544010185839198,Severamente seco
2022-11,2022-11-01,384.6844746648954,2.324407146774958,780.2721945487323,-0.14803767177647895,1533.3719376347847,0.2624567795653842,Normal
2022-12,2022-12-01,24.38311733781788,-0.36237095810619413,567.5652876703474,0.3747706438653179,1162.9788393715496,-0.21469103620732607,Normal
2023-01,2023-01-01,5.753067798479151,-0.6095937467899635,414.82065980119216,2.107161556389911,956.4610004686814,-0.434443372463954,Extremadamente húmedo
2023-02,2023-02-01,1.0008014166584498,0.5409043099697932,31.136986552955197,-0.4389875359091585,811.4091811016882,-0.17279038852290352,Normal
2023-03,2023-03-01,11.900695380421753,3.0628790723731583,18.65456459555907,1.7502124828977776,586.2198522659071,0.43464261527423975,Muy húmedo
2023-04,2023-04-01,24.79394526302673,0.45849716850579847,37.69544206010664,0.7863177876423509,452.5161018612995,2.1125398723618303,Normal
2023-05,2023-05-01,108.23661000814617,-1.123763580117438,144.93125065159438,-1.0148620908396622,176.06823720455026,-1.0447797491493265,Moderadamente seco
2023-06,2023-06-01,180.86962754982545,-0.9305375157210669,313.9001828209981,-1.3620890806369057,332.5547474165578,-1.3003940533920368,Moderadamente seco
2023-07,2023-07-01,145.0812611611826,-0.1496802071560055,434.18749871915395,-1.273254774214408,471.8829407792613,-1.196932457631461,Moderadamente seco
2023-08,2023-08-01,152.05176643735192,-0.5942123306065697,478.00265514835974,-0.8919711515513867,622.9339057999547,-1.2434086946824194,Normal
2023-09,2023-09-01,168.2491012318103,-1.75527274296267,465.3821288303445,-1.2797536931010898,779.2823116513432,-1.7733037668737281,Moderadamente seco
2023-10,2023-10-01,418.5884549879995,0.5302238896624901,738.8893226571614,-0.7005500627176661,1173.076821376316,-1.3235495761886822,Normal
2023-11,2023-11-01,267.66653538711086,1.5211938342725386,854.5040916069204,0.23779868449973504,1332.5067467552806,-0.40718493100478403,Normal
2023-12,2023-12-01,39.873711710037206,0.6011068175521656,726.1287020851473,1.2314055062504519,1191.5108309154925,-0.10748508643573552,Moderadamente húmedo
2024-01,2024-01-01,4.339782858327895,-1.328914111544328,311.88002995547566,1.4132975319189207,1050.7693526126377,-0.03992626554857932,Moderadamente húmedo
2024-02,2024-02-01,0.5518389015201692,0.02097902146271964,44.765333469884986,0.36127084799326437,899.2694250768061,0.26758906555202755,Normal
2024-03,2024-03-01,3.030825859661331,0.1609869403260852,7.922447619509111,-0.9393777844115024,734.0511497046571,1.231018416723288,Normal
2024-04,2024-04-01,12.86719231025656,-0.18886518065880925,16.449857071437776,-0.2668051139323868,328.32988702691415,1.2885288820104803,Normal
2024-05,2024-05-01,158.81298997952058,-0.48890840198880986,174.7110081494382,-0.6430223733106637,219.47634161932385,-0.5370979980891935,Normal
2024-06,2024-06-01,653.6493562700225,3.209929655965072,825.3295385597994,1.771054915478484,833.2519861793091,1.7627569745827842,Muy húmedo
2024-07,2024-07-01,306.73958366432726,1.6935885437924536,1119.2019299138701,2.1555620883078976,1135.6517869853085,2.1459098647962134,Extremadamente húmedo
2024-08,2024-08-01,215.9443610565048,0.11969467963610904,1176.3333009908542,2.3244348057199344,1351.044309140293,1.7465958110041255,Extremadamente húmedo
2024-09,2024-09-01,344.5486877839264,0.21321402173893148,867.2326325047583,0.759312789002701,1692.5621710645582,1.538809760658002,Normal
2024-10,2024-10-01,259.5364690612476,-0.6845146775028872,820.0295179016787,-0.31909062385813375,1939.2314478155492,1.1628205953230624,Normal
2024-11,2024-11-01,536.2157130335954,3.166809650664426,1140.3008698787694,1.5446196633825402,2316.634170869624,2.4264405062598047,Muy húmedo
2024-12,2024-12-01,57.296746476800074,1.4227673807170405,853.0489285716429,1.8327950602963756,1720.2815610764017,1.6290192701825157,Muy húmedo
2025-01,2025-01-01,17.23476432833106,2.934608230854125,610.7472238387263,3.1777696494250507,1430.7767417404057,1.34629621729056,Extremadamente húmedo
2025-02,2025-02-01,3.4852399366698226,2.061287670247985,78.01675074180073,1.7953187953605165,1218.3176206205706,1.6616691724832309,Muy húmedo
2025-03,2025-03-01,4.910961220505439,1.0238139954959775,25.630965485506096,2.972338466899068,878.6798940571496,1.9146218573073503,Extremadamente húmedo
2025-04,2025-04-01,4.697820711597887,-0.970198263749827,13.094021868772922,-0.5111321800149119,623.8412457075,3.043662318058911,Normal
2025-05,2025-05-01,170.38156432268684,-0.364169503372882,179.99034625478993,-0.5817766764786871,258.0070969965914,-0.14126982492902568,Normal
2025-06,2025-06-01,438.1688920650065,1.714942283552567,613.248277099291,0.6978842358199375,638.8792425847978,0.7774558976601411,Normal
2025-07,2025-07-01,55.16215849086732,-1.958462950905928,663.7126148785604,0.12961994175112299,676.8066367473341,0.05776434931253247,Normal
2025-08,2025-08-01,182.85135430484206,-0.2289033525291375,676.1824048607157,0.23198055703415824,856.1727511155063,-0.10762372673798346,Normal
2025-09,2025-09-01,333.9285889268548,0.11743865662282674,571.942101722564,-0.6493930611105074,1185.1903788218556,-0.08838910910810285,Normal
2025-10,2025-10-01,605.4901409567063,1.6130678539781131,1122.270084188403,0.9124737805089302,1785.9826990669642,0.7264800519042387,Normal
2025-11,2025-11-01,34.62860893703051,-1.5327391393598402,974.0473388205914,0.814853018078999,1650.2297436813078,0.6254601974692968,Normal
2025-12,2025-12-01,25.810446406131668,-0.25869541170505916,665.9291962998683,0.922153259861516,1237.871298022433,0.06310660763933339,Normal
