fecha,spi_1,spi_3,spi_6,fuente,metodo,periodo_calibracion
1981-01-01,-0.760986,,,UCSB-CHG/CHIRPS/DAILY mediante GEE,Ajuste gamma por mes y transformación normal estándar,1981-2025
1981-02-01,-0.824304,,,UCSB-CHG/CHIRPS/DAILY mediante GEE,Ajuste gamma por mes y transformación normal estándar,1981-2025
1981-03-01,0.532818,-0.474698,,UCSB-CHG/CHIRPS/DAILY mediante GEE,Ajuste gamma por mes y transformación normal estándar,1981-2025
1981-04-01,0.442950,0.392148,,UCSB-CHG/CHIRPS/DAILY mediante GEE,Ajuste gamma por mes y transformación normal estándar,1981-2025
1981-05-01,1.712418,1.823799,,UCSB-CHG/CHIRPS/DAILY mediante GEE,Ajuste gamma por mes y transformación normal estándar,1981-2025
1981-06-01,1.267386,1.935530,1.935622,UCSB-CHG/CHIRPS/DAILY mediante GEE,Ajuste gamma por mes y transformación normal estándar,1981-2025
1981-07-01,0.429294,1.786344,1.816650,UCSB-CHG/CHIRPS/DAILY mediante GEE,Ajuste gamma por mes y transformación normal estándar,1981-2025
1981-08-01,0.950303,1.184633,1.785593,UCSB-CHG/CHIRPS/DAILY mediante GEE,Ajuste gamma por mes y transformación normal estándar,1981-2025
1981-09-01,-0.365015,0.388756,1.395478,UCSB-CHG/CHIRPS/DAILY mediante GEE,Ajuste gamma por mes y transformación normal estándar,1981-2025
1981-10-01,-0.429430,-0.041041,1.074029,UCSB-CHG/CHIRPS/DAILY mediante GEE,Ajuste gamma por mes y transformación normal estándar,1981-2025
1981-11-01,-0.614170,-0.909524,0.246897,UCSB-CHG/CHIRPS/DAILY mediante GEE,Ajuste gamma por mes y transformación normal estándar,1981-2025
1981-12-01,0.856878,-0.668370,-0.115368,UCSB-CHG/CHIRPS/DAILY mediante GEE,Ajuste gamma por mes y transformación normal estándar,1981-2025
1982-01-01,1.888562,-0.297926,-0.187157,UCSB-CHG/CHIRPS/DAILY mediante GEE,Ajuste gamma por mes y transformación normal estándar,1981-2025
1982-02-01,0.636751,1.037526,-0.747387,UCSB-CHG/CHIRPS/DAILY mediante GEE,Ajuste gamma por mes y transformación normal estándar,1981-2025
1982-03-01,-1.424802,1.004694,-0.619458,UCSB-CHG/CHIRPS/DAILY mediante GEE,Ajuste gamma por mes y transformación normal estándar,1981-2025
1982-04-01,-0.970256,-1.135357,-0.513521,UCSB-CHG/CHIRPS/DAILY mediante GEE,Ajuste gamma por mes y transformación normal estándar,1981-2025
1982-05-01,2.264948,2.303834,2.453060,UCSB-CHG/CHIRPS/DAILY mediante GEE,Ajuste gamma por mes y transformación normal estándar,1981-2025
1982-06-01,0.367890,1.897392,1.923097,UCSB-CHG/CHIRPS/DAILY mediante GEE,Ajuste gamma por mes y transformación normal estándar,1981-2025
1982-07-01,-0.727645,1.513460,1.446976,UCSB-CHG/CHIRPS/DAILY mediante GEE,Ajuste gamma por mes y transformación normal estándar,1981-2025
1982-08-01,-2.377553,-1.075931,0.551552,UCSB-CHG/CHIRPS/DAILY mediante GEE,Ajuste gamma por mes y transformación normal estándar,1981-2025
1982-09-01,-0.285571,-1.359696,0.335319,UCSB-CHG/CHIRPS/DAILY mediante GEE,Ajuste gamma por mes y transformación normal estándar,1981-2025
1982-10-01,-1.038920,-1.623056,-0.081935,UCSB-CHG/CHIRPS/DAILY mediante GEE,Ajuste gamma por mes y transformación normal estándar,1981-2025
1982-11-01,-1.432718,-1.517525,-1.676968,UCSB-CHG/CHIRPS/DAILY mediante GEE,Ajuste gamma por mes y transformación normal estándar,1981-2025
1982-12-01,-1.105107,-1.767143,-2.125767,UCSB-CHG/CHIRPS/DAILY mediante GEE,Ajuste gamma por mes y transformación normal estándar,1981-2025
1983-01-01,-0.397556,-1.507588,-2.075487,UCSB-CHG/CHIRPS/DAILY mediante GEE,Ajuste gamma por mes y transformación normal estándar,1981-2025
1983-02-01,-0.022840,-1.084741,-1.548992,UCSB-CHG/CHIRPS/DAILY mediante GEE,Ajuste gamma por mes y transformación normal estándar,1981-2025
1983-03-01,1.476125,0.492329,-1.718093,UCSB-CHG/CHIRPS/DAILY mediante GEE,Ajuste gamma por mes y transformación normal estándar,1981-2025
1983-04-01,-0.859827,-0.585784,-1.591908,UCSB-CHG/CHIRPS/DAILY mediante GEE,Ajuste gamma por mes y transformación normal estándar,1981-2025
1983-05-01,-1.655151,-1.924858,-2.025543,UCSB-CHG/CHIRPS/DAILY mediante GEE,Ajuste gamma por mes y transformación normal estándar,1981-2025
1983-06-01,-0.352278,-1.433160,-1.420712,UCSB-CHG/CHIRPS/DAILY mediante GEE,Ajuste gamma por mes y transformación normal estándar,1981-2025
1983-07-01,-0.035248,-1.139500,-1.241885,UCSB-CHG/CHIRPS/DAILY mediante GEE,Ajuste gamma por mes y transformación normal estándar,1981-2025
1983-08-01,-0.464053,-0.510232,-1.218529,UCSB-CHG/CHIRPS/DAILY mediante GEE,Ajuste gamma por mes y transformación normal estándar,1981-2025
1983-09-01,-0.534033,-0.589112,-1.268744,UCSB-CHG/CHIRPS/DAILY mediante GEE,Ajuste gamma por mes y transformación normal estándar,1981-2025
1983-10-01,-0.040366,-0.562624,-1.140718,UCSB-CHG/CHIRPS/DAILY mediante GEE,Ajuste gamma por mes y transformación normal estándar,1981-2025
1983-11-01,0.511452,-0.250745,-0.516760,UCSB-CHG/CHIRPS/DAILY mediante GEE,Ajuste gamma por mes y transformación normal estándar,1981-2025
1983-12-01,0.181824,0.126545,-0.421447,UCSB-CHG/CHIRPS/DAILY mediante GEE,Ajuste gamma por mes y transformación normal estándar,1981-2025
1984-01-01,0.099551,0.428395,-0.402910,UCSB-CHG/CHIRPS/DAILY mediante GEE,Ajuste gamma por mes y transformación normal estándar,1981-2025
1984-02-01,1.817949,0.262023,-0.210529,UCSB-CHG/CHIRPS/DAILY mediante GEE,Ajuste gamma por mes y transformación normal estándar,1981-2025
1984-03-01,0.662144,0.861389,0.163388,UCSB-CHG/CHIRPS/DAILY mediante GEE,Ajuste gamma por mes y transformación normal estándar,1981-2025
1984-04-01,-0.408103,-0.231928,0.319127,UCSB-CHG/CHIRPS/DAILY mediante GEE,Ajuste gamma por mes y transformación normal estándar,1981-2025
1984-05-01,-0.764442,-0.958333,-0.848119,UCSB-CHG/CHIRPS/DAILY mediante GEE,Ajuste gamma por mes y transformación normal estándar,1981-2025
1984-06-01,-0.227603,-0.817748,-0.797820,UCSB-CHG/CHIRPS/DAILY mediante GEE,Ajuste gamma por mes y transformación normal estándar,1981-2025
1984-07-01,1.010505,-0.177245,-0.233221,UCSB-CHG/CHIRPS/DAILY mediante GEE,Ajuste gamma por mes y transformación normal estándar,1981-2025
1984-08-01,0.258087,0.364955,-0.126160,UCSB-CHG/CHIRPS/DAILY mediante GEE,Ajuste gamma por mes y transformación normal estándar,1981-2025
1984-09-01,1.608337,1.262208,0.560027,UCSB-CHG/CHIRPS/DAILY mediante GEE,Ajuste gamma por mes y transformación normal estándar,1981-2025
1984-10-01,-0.340060,0.659055,0.357260,UCSB-CHG/CHIRPS/DAILY mediante GEE,Ajuste gamma por mes y transformación normal estándar,1981-2025
1984-11-01,-1.350232,0.293577,0.372992,UCSB-CHG/CHIRPS/DAILY mediante GEE,Ajuste gamma por mes y transformación normal estándar,1981-2025
1984-12-01,-0.616513,-1.022420,0.474199,UCSB-CHG/CHIRPS/DAILY mediante GEE,Ajuste gamma por mes y transformación normal estándar,1981-2025
1985-01-01,-0.335044,-1.324615,0.247312,UCSB-CHG/CHIRPS/DAILY mediante GEE,Ajuste gamma por mes y transformación normal estándar,1981-2025
1985-02-01,0.236712,-0.641761,0.241067,UCSB-CHG/CHIRPS/DAILY mediante GEE,Ajuste gamma por mes y transformación normal estándar,1981-2025
1985-03-01,-1.285516,-0.856212,-1.022651,UCSB-CHG/CHIRPS/DAILY mediante GEE,Ajuste gamma por mes y transformación normal estándar,1981-2025
1985-04-01,0.220498,0.047571,-1.250662,UCSB-CHG/CHIRPS/DAILY mediante GEE,Ajuste gamma por mes y transformación normal estándar,1981-2025
1985-05-01,-0.854651,-0.962347,-1.031732,UCSB-CHG/CHIRPS/DAILY mediante GEE,Ajuste gamma por mes y transformación normal estándar,1981-2025
1985-06-01,-0.548473,-1.000657,-1.029561,UCSB-CHG/CHIRPS/DAILY mediante GEE,Ajuste gamma por mes y transformación normal estándar,1981-2025
1985-07-01,-0.108862,-0.925864,-0.961666,UCSB-CHG/CHIRPS/DAILY mediante GEE,Ajuste gamma por mes y transformación normal estándar,1981-2025
1985-08-01,-0.139292,-0.464618,-0.856187,UCSB-CHG/CHIRPS/DAILY mediante GEE,Ajuste gamma por mes y transformación normal estándar,1981-2025
1985-09-01,-0.978693,-0.679645,-1.118448,UCSB-CHG/CHIRPS/DAILY mediante GEE,Ajuste gamma por mes y transformación normal estándar,1981-2025
1985-10-01,0.298367,-0.397438,-0.892300,UCSB-CHG/CHIRPS/DAILY mediante GEE,Ajuste gamma por mes y transformación normal estándar,1981-2025
1985-11-01,-0.650268,-0.686359,-0.767824,UCSB-CHG/CHIRPS/DAILY mediante GEE,Ajuste gamma por mes y transformación normal estándar,1981-2025
1985-12-01,0.048759,-0.123505,-0.643948,UCSB-CHG/CHIRPS/DAILY mediante GEE,Ajuste gamma por mes y transformación normal estándar,1981-2025
1986-01-01,-0.604671,-0.627683,-0.632876,UCSB-CHG/CHIRPS/DAILY mediante GEE,Ajuste gamma por mes y transformación normal estándar,1981-2025
1986-02-01,-0.991314,-0.115207,-0.664285,UCSB-CHG/CHIRPS/DAILY mediante GEE,Ajuste gamma por mes y transformación normal estándar,1981-2025
1986-03-01,-0.523010,-0.975362,-0.127633,UCSB-CHG/CHIRPS/DAILY mediante GEE,Ajuste gamma por mes y transformación normal estándar,1981-2025
1986-04-01,-1.376399,-1.466990,-0.876488,UCSB-CHG/CHIRPS/DAILY mediante GEE,Ajuste gamma por mes y transformación normal estándar,1981-2025
1986-05-01,0.319957,0.120804,0.110839,UCSB-CHG/CHIRPS/DAILY mediante GEE,Ajuste gamma por mes y transformación normal estándar,1981-2025
1986-06-01,0.216854,0.153311,0.128483,UCSB-CHG/CHIRPS/DAILY mediante GEE,Ajuste gamma por mes y transformación normal estándar,1981-2025
1986-07-01,-1.715196,-0.323596,-0.456019,UCSB-CHG/CHIRPS/DAILY mediante GEE,Ajuste gamma por mes y transformación normal estándar,1981-2025
1986-08-01,-0.456906,-0.744710,-0.595115,UCSB-CHG/CHIRPS/DAILY mediante GEE,Ajuste gamma por mes y transformación normal estándar,1981-2025
1986-09-01,-1.032390,-1.377425,-0.917248,UCSB-CHG/CHIRPS/DAILY mediante GEE,Ajuste gamma por mes y transformación normal estándar,1981-2025
1986-10-01,-0.844087,-1.267651,-1.178254,UCSB-CHG/CHIRPS/DAILY mediante GEE,Ajuste gamma por mes y transformación normal estándar,1981-2025
1986-11-01,-1.062193,-1.755329,-1.604445,UCSB-CHG/CHIRPS/DAILY mediante GEE,Ajuste gamma por mes y transformación normal estándar,1981-2025
1986-12-01,-0.143424,-1.349287,-1.904894,UCSB-CHG/CHIRPS/DAILY mediante GEE,Ajuste gamma por mes y transformación normal estándar,1981-2025
1987-01-01,0.796595,-0.936035,-1.568019,UCSB-CHG/CHIRPS/DAILY mediante GEE,Ajuste gamma por mes y transformación normal estándar,1981-2025
1987-02-01,-1.315821,-0.077595,-1.681037,UCSB-CHG/CHIRPS/DAILY mediante GEE,Ajuste gamma por mes y transformación normal estándar,1981-2025
1987-03-01,0.354309,0.475872,-1.308235,UCSB-CHG/CHIRPS/DAILY mediante GEE,Ajuste gamma por mes y transformación normal estándar,1981-2025
1987-04-01,-0.880338,-0.898767,-1.114412,UCSB-CHG/CHIRPS/DAILY mediante GEE,Ajuste gamma por mes y transformación normal estándar,1981-2025
1987-05-01,-1.087121,-1.376693,-1.303393,UCSB-CHG/CHIRPS/DAILY mediante GEE,Ajuste gamma por mes y transformación normal estándar,1981-2025
1987-06-01,-0.843363,-1.457227,-1.445125,UCSB-CHG/CHIRPS/DAILY mediante GEE,Ajuste gamma por mes y transformación normal estándar,1981-2025
1987-07-01,1.392960,-0.379320,-0.487461,UCSB-CHG/CHIRPS/DAILY mediante GEE,Ajuste gamma por mes y transformación normal estándar,1981-2025
1987-08-01,-0.080902,0.141268,-0.461900,UCSB-CHG/CHIRPS/DAILY mediante GEE,Ajuste gamma por mes y transformación normal estándar,1981-2025
1987-09-01,-1.004886,-0.005318,-0.798406,UCSB-CHG/CHIRPS/DAILY mediante GEE,Ajuste gamma por mes y transformación normal estándar,1981-2025
1987-10-01,-0.521343,-0.894174,-0.947817,UCSB-CHG/CHIRPS/DAILY mediante GEE,Ajuste gamma por mes y transformación normal estándar,1981-2025
1987-11-01,-0.496740,-1.302376,-0.728391,UCSB-CHG/CHIRPS/DAILY mediante GEE,Ajuste gamma por mes y transformación normal estándar,1981-2025
1987-12-01,0.639002,-0.730049,-0.472325,UCSB-CHG/CHIRPS/DAILY mediante GEE,Ajuste gamma por mes y transformación normal estándar,1981-2025
1988-01-01,0.846319,-0.311891,-1.002916,UCSB-CHG/CHIRPS/DAILY mediante GEE,Ajuste gamma por mes y transformación normal estándar,1981-2025
1988-02-01,0.871947,0.696288,-1.160062,UCSB-CHG/CHIRPS/DAILY mediante GEE,Ajuste gamma por mes y transformación normal estándar,1981-2025
1988-03-01,-0.761301,0.402796,-0.698982,UCSB-CHG/CHIRPS/DAILY mediante GEE,Ajuste gamma por mes y transformación normal estándar,1981-2025
1988-04-01,-0.934912,-0.991074,-0.511813,UCSB-CHG/CHIRPS/DAILY mediante GEE,Ajuste gamma por mes y transformación normal estándar,1981-2025
1988-05-01,0.154603,-0.042704,0.091974,UCSB-CHG/CHIRPS/DAILY mediante GEE,Ajuste gamma por mes y transformación normal estándar,1981-2025
1988-06-01,0.550769,0.247498,0.252379,UCSB-CHG/CHIRPS/DAILY mediante GEE,Ajuste gamma por mes y transformación normal estándar,1981-2025
1988-07-01,0.743915,0.546074,0.457530,UCSB-CHG/CHIRPS/DAILY mediante GEE,Ajuste gamma por mes y transformación normal estándar,1981-2025
1988-08-01,1.833263,1.494179,1.192709,UCSB-CHG/CHIRPS/DAILY mediante GEE,Ajuste gamma por mes y transformación normal estándar,1981-2025
1988-09-01,1.701716,1.969201,1.631708,UCSB-CHG/CHIRPS/DAILY mediante GEE,Ajuste gamma por mes y transformación normal estándar,1981-2025
1988-10-01,0.620465,1.888455,1.734507,UCSB-CHG/CHIRPS/DAILY mediante GEE,Ajuste gamma por mes y transformación normal estándar,1981-2025
1988-11-01,0.467321,1.475876,1.831846,UCSB-CHG/CHIRPS/DAILY mediante GEE,Ajuste gamma por mes y transformación normal estándar,1981-2025
1988-12-01,1.997840,0.873262,1.987799,UCSB-CHG/CHIRPS/DAILY mediante GEE,Ajuste gamma por mes y transformación normal estándar,1981-2025
1989-01-01,2.281954,0.825840,2.027768,UCSB-CHG/CHIRPS/DAILY mediante GEE,Ajuste gamma por mes y transformación normal estándar,1981-2025
1989-02-01,1.140572,2.154093,1.637122,UCSB-CHG/CHIRPS/DAILY mediante GEE,Ajuste gamma por mes y transformación normal estándar,1981-2025
1989-03-01,0.313405,1.928306,0.933683,UCSB-CHG/CHIRPS/DAILY mediante GEE,Ajuste gamma por mes y transformación normal estándar,1981-2025
1989-04-01,-0.782717,-0.667739,0.659538,UCSB-CHG/CHIRPS/DAILY mediante GEE,Ajuste gamma por mes y transformación normal estándar,1981-2025
1989-05-01,-0.547151,-0.782856,-0.207167,UCSB-CHG/CHIRPS/DAILY mediante GEE,Ajuste gamma por mes y transformación normal estándar,1981-2025
1989-06-01,-0.432694,-0.834805,-0.775382,UCSB-CHG/CHIRPS/DAILY mediante GEE,Ajuste gamma por mes y transformación normal estándar,1981-2025
1989-07-01,0.267123,-0.535424,-0.632450,UCSB-CHG/CHIRPS/DAILY mediante GEE,Ajuste gamma por mes y transformación normal estándar,1981-2025
1989-08-01,0.633032,0.173359,-0.233828,UCSB-CHG/CHIRPS/DAILY mediante GEE,Ajuste gamma por mes y transformación normal estándar,1981-2025
1989-09-01,0.337528,0.493400,-0.096000,UCSB-CHG/CHIRPS/DAILY mediante GEE,Ajuste gamma por mes y transformación normal estándar,1981-2025
1989-10-01,-1.202025,-0.243167,-0.552216,UCSB-CHG/CHIRPS/DAILY mediante GEE,Ajuste gamma por mes y transformación normal estándar,1981-2025
1989-11-01,0.660715,-0.392026,-0.173991,UCSB-CHG/CHIRPS/DAILY mediante GEE,Ajuste gamma por mes y transformación normal estándar,1981-2025
1989-12-01,0.746749,-0.582695,0.015439,UCSB-CHG/CHIRPS/DAILY mediante GEE,Ajuste gamma por mes y transformación normal estándar,1981-2025
1990-01-01,1.746769,0.707587,0.006996,UCSB-CHG/CHIRPS/DAILY mediante GEE,Ajuste gamma por mes y transformación normal estándar,1981-2025
1990-02-01,-1.271711,0.870326,-0.280396,UCSB-CHG/CHIRPS/DAILY mediante GEE,Ajuste gamma por mes y transformación normal estándar,1981-2025
1990-03-01,1.354239,1.689101,-0.511711,UCSB-CHG/CHIRPS/DAILY mediante GEE,Ajuste gamma por mes y transformación normal estándar,1981-2025
1990-04-01,0.075413,0.122492,0.646458,UCSB-CHG/CHIRPS/DAILY mediante GEE,Ajuste gamma por mes y transformación normal estándar,1981-2025
1990-05-01,0.195210,0.154790,0.312140,UCSB-CHG/CHIRPS/DAILY mediante GEE,Ajuste gamma por mes y transformación normal estándar,1981-2025
1990-06-01,-0.667829,-0.334791,-0.290542,UCSB-CHG/CHIRPS/DAILY mediante GEE,Ajuste gamma por mes y transformación normal estándar,1981-2025
1990-07-01,0.348513,-0.162316,-0.183848,UCSB-CHG/CHIRPS/DAILY mediante GEE,Ajuste gamma por mes y transformación normal estándar,1981-2025
1990-08-01,0.317806,-0.074346,-0.048179,UCSB-CHG/CHIRPS/DAILY mediante GEE,Ajuste gamma por mes y transformación normal estándar,1981-2025
1990-09-01,-0.758568,-0.164588,-0.364020,UCSB-CHG/CHIRPS/DAILY mediante GEE,Ajuste gamma por mes y transformación normal estándar,1981-2025
1990-10-01,0.189642,-0.175600,-0.283422,UCSB-CHG/CHIRPS/DAILY mediante GEE,Ajuste gamma por mes y transformación normal estándar,1981-2025
1990-11-01,0.939674,0.032648,-0.067548,UCSB-CHG/CHIRPS/DAILY mediante GEE,Ajuste gamma por mes y transformación normal estándar,1981-2025
1990-12-01,0.749782,0.620285,0.195925,UCSB-CHG/CHIRPS/DAILY mediante GEE,Ajuste gamma por mes y transformación normal estándar,1981-2025
1991-01-01,-1.621858,0.883949,0.146686,UCSB-CHG/CHIRPS/DAILY mediante GEE,Ajuste gamma por mes y transformación normal estándar,1981-2025
1991-02-01,0.715776,0.514515,0.085629,UCSB-CHG/CHIRPS/DAILY mediante GEE,Ajuste gamma por mes y transformación normal estándar,1981-2025
1991-03-01,-0.174880,-1.091328,0.615506,UCSB-CHG/CHIRPS/DAILY mediante GEE,Ajuste gamma por mes y transformación normal estándar,1981-2025
1991-04-01,-0.431390,-0.492456,0.735995,UCSB-CHG/CHIRPS/DAILY mediante GEE,Ajuste gamma por mes y transformación normal estándar,1981-2025
1991-05-01,0.247190,0.111847,0.205721,UCSB-CHG/CHIRPS/DAILY mediante GEE,Ajuste gamma por mes y transformación normal estándar,1981-2025
1991-06-01,-0.215889,-0.101317,-0.130276,UCSB-CHG/CHIRPS/DAILY mediante GEE,Ajuste gamma por mes y transformación normal estándar,1981-2025
1991-07-01,0.383329,0.084399,0.012875,UCSB-CHG/CHIRPS/DAILY mediante GEE,Ajuste gamma por mes y transformación normal estándar,1981-2025
1991-08-01,-0.023107,-0.051604,-0.050082,UCSB-CHG/CHIRPS/DAILY mediante GEE,Ajuste gamma por mes y transformación normal estándar,1981-2025
1991-09-01,-0.030608,0.028183,-0.089663,UCSB-CHG/CHIRPS/DAILY mediante GEE,Ajuste gamma por mes y transformación normal estándar,1981-2025
1991-10-01,-0.515885,-0.417684,-0.312653,UCSB-CHG/CHIRPS/DAILY mediante GEE,Ajuste gamma por mes y transformación normal estándar,1981-2025
1991-11-01,-0.743578,-0.806232,-0.573071,UCSB-CHG/CHIRPS/DAILY mediante GEE,Ajuste gamma por mes y transformación normal estándar,1981-2025
1991-12-01,0.260179,-0.879556,-0.523025,UCSB-CHG/CHIRPS/DAILY mediante GEE,Ajuste gamma por mes y transformación normal estándar,1981-2025
1992-01-01,-0.905949,-0.659734,-0.662049,UCSB-CHG/CHIRPS/DAILY mediante GEE,Ajuste gamma por mes y transformación normal estándar,1981-2025
1992-02-01,0.781946,0.115152,-0.756628,UCSB-CHG/CHIRPS/DAILY mediante GEE,Ajuste gamma por mes y transformación normal estándar,1981-2025
1992-03-01,-1.056196,-1.011079,-0.883762,UCSB-CHG/CHIRPS/DAILY mediante GEE,Ajuste gamma por mes y transformación normal estándar,1981-2025
1992-04-01,-0.018227,-0.160398,-0.710198,UCSB-CHG/CHIRPS/DAILY mediante GEE,Ajuste gamma por mes y transformación normal estándar,1981-2025
1992-05-01,-0.930722,-1.095056,-1.005105,UCSB-CHG/CHIRPS/DAILY mediante GEE,Ajuste gamma por mes y transformación normal estándar,1981-2025
1992-06-01,-0.270122,-0.903420,-0.935591,UCSB-CHG/CHIRPS/DAILY mediante GEE,Ajuste gamma por mes y transformación normal estándar,1981-2025
1992-07-01,1.268050,-0.131195,-0.180099,UCSB-CHG/CHIRPS/DAILY mediante GEE,Ajuste gamma por mes y transformación normal estándar,1981-2025
1992-08-01,0.614397,0.655819,0.091083,UCSB-CHG/CHIRPS/DAILY mediante GEE,Ajuste gamma por mes y transformación normal estándar,1981-2025
1992-09-01,0.868516,1.115041,0.397082,UCSB-CHG/CHIRPS/DAILY mediante GEE,Ajuste gamma por mes y transformación normal estándar,1981-2025
1992-10-01,-0.457050,0.357128,0.144054,UCSB-CHG/CHIRPS/DAILY mediante GEE,Ajuste gamma por mes y transformación normal estándar,1981-2025
1992-11-01,0.054835,0.096363,0.440577,UCSB-CHG/CHIRPS/DAILY mediante GEE,Ajuste gamma por mes y transformación normal estándar,1981-2025
1992-12-01,1.572580,-0.271663,0.693212,UCSB-CHG/CHIRPS/DAILY mediante GEE,Ajuste gamma por mes y transformación normal estándar,1981-2025
1993-01-01,1.768584,0.380864,0.425125,UCSB-CHG/CHIRPS/DAILY mediante GEE,Ajuste gamma por mes y transformación normal estándar,1981-2025
1993-02-01,0.144135,1.650934,0.275450,UCSB-CHG/CHIRPS/DAILY mediante GEE,Ajuste gamma por mes y transformación normal estándar,1981-2025
1993-03-01,0.415118,1.362497,-0.216380,UCSB-CHG/CHIRPS/DAILY mediante GEE,Ajuste gamma por mes y transformación normal estándar,1981-2025
1993-04-01,0.299816,0.255897,0.356417,UCSB-CHG/CHIRPS/DAILY mediante GEE,Ajuste gamma por mes y transformación normal estándar,1981-2025
1993-05-01,0.398058,0.387832,0.686529,UCSB-CHG/CHIRPS/DAILY mediante GEE,Ajuste gamma por mes y transformación normal estándar,1981-2025
1993-06-01,0.909124,0.729425,0.759448,UCSB-CHG/CHIRPS/DAILY mediante GEE,Ajuste gamma por mes y transformación normal estándar,1981-2025
1993-07-01,0.426200,0.739878,0.742294,UCSB-CHG/CHIRPS/DAILY mediante GEE,Ajuste gamma por mes y transformación normal estándar,1981-2025
1993-08-01,1.211521,1.159206,1.074071,UCSB-CHG/CHIRPS/DAILY mediante GEE,Ajuste gamma por mes y transformación normal estándar,1981-2025
1993-09-01,0.618900,0.991754,1.096765,UCSB-CHG/CHIRPS/DAILY mediante GEE,Ajuste gamma por mes y transformación normal estándar,1981-2025
1993-10-01,-0.311378,0.600580,0.838553,UCSB-CHG/CHIRPS/DAILY mediante GEE,Ajuste gamma por mes y transformación normal estándar,1981-2025
1993-11-01,-0.281895,-0.100022,0.670359,UCSB-CHG/CHIRPS/DAILY mediante GEE,Ajuste gamma por mes y transformación normal estándar,1981-2025
1993-12-01,-0.072717,-0.538891,0.457972,UCSB-CHG/CHIRPS/DAILY mediante GEE,Ajuste gamma por mes y transformación normal estándar,1981-2025
1994-01-01,-0.769837,-0.349469,0.418381,UCSB-CHG/CHIRPS/DAILY mediante GEE,Ajuste gamma por mes y transformación normal estándar,1981-2025
1994-02-01,0.442944,-0.202135,-0.107312,UCSB-CHG/CHIRPS/DAILY mediante GEE,Ajuste gamma por mes y transformación normal estándar,1981-2025
1994-03-01,-0.133515,-0.637289,-0.535676,UCSB-CHG/CHIRPS/DAILY mediante GEE,Ajuste gamma por mes y transformación normal estándar,1981-2025
1994-04-01,0.851926,0.805788,-0.176546,UCSB-CHG/CHIRPS/DAILY mediante GEE,Ajuste gamma por mes y transformación normal estándar,1981-2025
1994-05-01,-0.786191,-0.689872,-0.691535,UCSB-CHG/CHIRPS/DAILY mediante GEE,Ajuste gamma por mes y transformación normal estándar,1981-2025
1994-06-01,-1.754021,-1.509566,-1.533047,UCSB-CHG/CHIRPS/DAILY mediante GEE,Ajuste gamma por mes y transformación normal estándar,1981-2025
1994-07-01,-0.497983,-1.632944,-1.543723,UCSB-CHG/CHIRPS/DAILY mediante GEE,Ajuste gamma por mes y transformación normal estándar,1981-2025
1994-08-01,-0.149659,-1.127361,-1.297984,UCSB-CHG/CHIRPS/DAILY mediante GEE,Ajuste gamma por mes y transformación normal estándar,1981-2025
1994-09-01,-1.247495,-0.953393,-1.598500,UCSB-CHG/CHIRPS/DAILY mediante GEE,Ajuste gamma por mes y transformación normal estándar,1981-2025
1994-10-01,-0.304866,-0.895851,-1.673834,UCSB-CHG/CHIRPS/DAILY mediante GEE,Ajuste gamma por mes y transformación normal estándar,1981-2025
1994-11-01,0.575358,-0.759504,-1.218268,UCSB-CHG/CHIRPS/DAILY mediante GEE,Ajuste gamma por mes y transformación normal estándar,1981-2025
1994-12-01,0.102592,-0.056253,-0.797221,UCSB-CHG/CHIRPS/DAILY mediante GEE,Ajuste gamma por mes y transformación normal estándar,1981-2025
1995-01-01,-0.691135,0.456260,-0.689831,UCSB-CHG/CHIRPS/DAILY mediante GEE,Ajuste gamma por mes y transformación normal estándar,1981-2025
1995-02-01,-1.010603,-0.075601,-0.730724,UCSB-CHG/CHIRPS/DAILY mediante GEE,Ajuste gamma por mes y transformación normal estándar,1981-2025
1995-03-01,0.605897,-0.396129,-0.048814,UCSB-CHG/CHIRPS/DAILY mediante GEE,Ajuste gamma por mes y transformación normal estándar,1981-2025
1995-04-01,1.867164,1.935194,0.867698,UCSB-CHG/CHIRPS/DAILY mediante GEE,Ajuste gamma por mes y transformación normal estándar,1981-2025
1995-05-01,-0.471706,-0.000477,-0.002397,UCSB-CHG/CHIRPS/DAILY mediante GEE,Ajuste gamma por mes y transformación normal estándar,1981-2025
1995-06-01,0.447877,0.197756,0.184468,UCSB-CHG/CHIRPS/DAILY mediante GEE,Ajuste gamma por mes y transformación normal estándar,1981-2025
1995-07-01,0.666450,0.129912,0.387394,UCSB-CHG/CHIRPS/DAILY mediante GEE,Ajuste gamma por mes y transformación normal estándar,1981-2025
1995-08-01,1.468271,1.195026,0.948278,UCSB-CHG/CHIRPS/DAILY mediante GEE,Ajuste gamma por mes y transformación normal estándar,1981-2025
1995-09-01,0.989679,1.390280,1.133225,UCSB-CHG/CHIRPS/DAILY mediante GEE,Ajuste gamma por mes y transformación normal estándar,1981-2025
1995-10-01,0.806422,1.475507,1.180554,UCSB-CHG/CHIRPS/DAILY mediante GEE,Ajuste gamma por mes y transformación normal estándar,1981-2025
1995-11-01,0.009803,1.004717,1.347678,UCSB-CHG/CHIRPS/DAILY mediante GEE,Ajuste gamma por mes y transformación normal estándar,1981-2025
1995-12-01,0.441546,0.638227,1.391882,UCSB-CHG/CHIRPS/DAILY mediante GEE,Ajuste gamma por mes y transformación normal estándar,1981-2025
1996-01-01,-0.225562,0.021518,1.376927,UCSB-CHG/CHIRPS/DAILY mediante GEE,Ajuste gamma por mes y transformación normal estándar,1981-2025
1996-02-01,-0.209565,0.320141,1.002897,UCSB-CHG/CHIRPS/DAILY mediante GEE,Ajuste gamma por mes y transformación normal estándar,1981-2025
1996-03-01,0.489105,-0.080010,0.651477,UCSB-CHG/CHIRPS/DAILY mediante GEE,Ajuste gamma por mes y transformación normal estándar,1981-2025
1996-04-01,-0.319464,-0.356358,-0.096975,UCSB-CHG/CHIRPS/DAILY mediante GEE,Ajuste gamma por mes y transformación normal estándar,1981-2025
1996-05-01,1.382179,1.378072,1.427510,UCSB-CHG/CHIRPS/DAILY mediante GEE,Ajuste gamma por mes y transformación normal estándar,1981-2025
1996-06-01,0.163438,1.039670,1.038260,UCSB-CHG/CHIRPS/DAILY mediante GEE,Ajuste gamma por mes y transformación normal estándar,1981-2025
1996-07-01,1.076832,1.305193,1.269923,UCSB-CHG/CHIRPS/DAILY mediante GEE,Ajuste gamma por mes y transformación normal estándar,1981-2025
1996-08-01,0.424515,0.646236,1.136766,UCSB-CHG/CHIRPS/DAILY mediante GEE,Ajuste gamma por mes y transformación normal estándar,1981-2025
1996-09-01,0.115966,0.582416,0.971071,UCSB-CHG/CHIRPS/DAILY mediante GEE,Ajuste gamma por mes y transformación normal estándar,1981-2025
1996-10-01,0.822742,0.626489,1.208122,UCSB-CHG/CHIRPS/DAILY mediante GEE,Ajuste gamma por mes y transformación normal estándar,1981-2025
1996-11-01,0.934457,0.919190,0.945355,UCSB-CHG/CHIRPS/DAILY mediante GEE,Ajuste gamma por mes y transformación normal estándar,1981-2025
1996-12-01,-0.901505,1.000368,0.976069,UCSB-CHG/CHIRPS/DAILY mediante GEE,Ajuste gamma por mes y transformación normal estándar,1981-2025
1997-01-01,-0.184134,0.683152,0.791128,UCSB-CHG/CHIRPS/DAILY mediante GEE,Ajuste gamma por mes y transformación normal estándar,1981-2025
1997-02-01,0.219042,-0.860367,0.837372,UCSB-CHG/CHIRPS/DAILY mediante GEE,Ajuste gamma por mes y transformación normal estándar,1981-2025
1997-03-01,-1.453793,-0.790514,1.001455,UCSB-CHG/CHIRPS/DAILY mediante GEE,Ajuste gamma por mes y transformación normal estándar,1981-2025
1997-04-01,1.450374,1.406211,0.904534,UCSB-CHG/CHIRPS/DAILY mediante GEE,Ajuste gamma por mes y transformación normal estándar,1981-2025
1997-05-01,-0.707351,-0.412178,-0.526786,UCSB-CHG/CHIRPS/DAILY mediante GEE,Ajuste gamma por mes y transformación normal estándar,1981-2025
1997-06-01,-0.115716,-0.388128,-0.412993,UCSB-CHG/CHIRPS/DAILY mediante GEE,Ajuste gamma por mes y transformación normal estándar,1981-2025
1997-07-01,-1.072249,-0.984565,-0.795116,UCSB-CHG/CHIRPS/DAILY mediante GEE,Ajuste gamma por mes y transformación normal estándar,1981-2025
1997-08-01,-1.145470,-1.082655,-1.129678,UCSB-CHG/CHIRPS/DAILY mediante GEE,Ajuste gamma por mes y transformación normal estándar,1981-2025
1997-09-01,-0.193945,-1.033058,-1.030526,UCSB-CHG/CHIRPS/DAILY mediante GEE,Ajuste gamma por mes y transformación normal estándar,1981-2025
1997-10-01,-1.184260,-1.304645,-1.621694,UCSB-CHG/CHIRPS/DAILY mediante GEE,Ajuste gamma por mes y transformación normal estándar,1981-2025
1997-11-01,1.087616,-0.455347,-0.988326,UCSB-CHG/CHIRPS/DAILY mediante GEE,Ajuste gamma por mes y transformación normal estándar,1981-2025
1997-12-01,-0.179341,-0.367058,-1.052570,UCSB-CHG/CHIRPS/DAILY mediante GEE,Ajuste gamma por mes y transformación normal estándar,1981-2025
1998-01-01,-0.293331,0.910714,-0.818095,UCSB-CHG/CHIRPS/DAILY mediante GEE,Ajuste gamma por mes y transformación normal estándar,1981-2025
1998-02-01,-1.135207,-0.285857,-0.457256,UCSB-CHG/CHIRPS/DAILY mediante GEE,Ajuste gamma por mes y transformación normal estándar,1981-2025
1998-03-01,0.190377,-0.390244,-0.358764,UCSB-CHG/CHIRPS/DAILY mediante GEE,Ajuste gamma por mes y transformación normal estándar,1981-2025
1998-04-01,-0.606651,-0.692444,0.742223,UCSB-CHG/CHIRPS/DAILY mediante GEE,Ajuste gamma por mes y transformación normal estándar,1981-2025
1998-05-01,-0.820179,-1.059796,-1.057284,UCSB-CHG/CHIRPS/DAILY mediante GEE,Ajuste gamma por mes y transformación normal estándar,1981-2025
1998-06-01,-0.184440,-0.841044,-0.858024,UCSB-CHG/CHIRPS/DAILY mediante GEE,Ajuste gamma por mes y transformación normal estándar,1981-2025
1998-07-01,0.294902,-0.537338,-0.636127,UCSB-CHG/CHIRPS/DAILY mediante GEE,Ajuste gamma por mes y transformación normal estándar,1981-2025
1998-08-01,0.712518,0.334574,-0.187053,UCSB-CHG/CHIRPS/DAILY mediante GEE,Ajuste gamma por mes y transformación normal estándar,1981-2025
1998-09-01,0.032682,0.393899,-0.180979,UCSB-CHG/CHIRPS/DAILY mediante GEE,Ajuste gamma por mes y transformación normal estándar,1981-2025
1998-10-01,2.179611,1.626988,0.978717,UCSB-CHG/CHIRPS/DAILY mediante GEE,Ajuste gamma por mes y transformación normal estándar,1981-2025
1998-11-01,0.326951,1.733577,1.300269,UCSB-CHG/CHIRPS/DAILY mediante GEE,Ajuste gamma por mes y transformación normal estándar,1981-2025
1998-12-01,2.009255,2.185750,1.617782,UCSB-CHG/CHIRPS/DAILY mediante GEE,Ajuste gamma por mes y transformación normal estándar,1981-2025
1999-01-01,0.069765,0.653104,1.720304,UCSB-CHG/CHIRPS/DAILY mediante GEE,Ajuste gamma por mes y transformación normal estándar,1981-2025
1999-02-01,1.336115,1.927938,1.855851,UCSB-CHG/CHIRPS/DAILY mediante GEE,Ajuste gamma por mes y transformación normal estándar,1981-2025
1999-03-01,-0.009664,0.305097,2.207755,UCSB-CHG/CHIRPS/DAILY mediante GEE,Ajuste gamma por mes y transformación normal estándar,1981-2025
1999-04-01,1.970125,2.067083,1.076209,UCSB-CHG/CHIRPS/DAILY mediante GEE,Ajuste gamma por mes y transformación normal estándar,1981-2025
1999-05-01,-0.131594,0.332147,0.695395,UCSB-CHG/CHIRPS/DAILY mediante GEE,Ajuste gamma por mes y transformación normal estándar,1981-2025
1999-06-01,0.224825,0.297927,0.300613,UCSB-CHG/CHIRPS/DAILY mediante GEE,Ajuste gamma por mes y transformación normal estándar,1981-2025
1999-07-01,-0.301630,-0.201054,0.098775,UCSB-CHG/CHIRPS/DAILY mediante GEE,Ajuste gamma por mes y transformación normal estándar,1981-2025
1999-08-01,0.028803,-0.076702,0.035764,UCSB-CHG/CHIRPS/DAILY mediante GEE,Ajuste gamma por mes y transformación normal estándar,1981-2025
1999-09-01,0.986757,0.384873,0.400251,UCSB-CHG/CHIRPS/DAILY mediante GEE,Ajuste gamma por mes y transformación normal estándar,1981-2025
1999-10-01,0.145839,0.477384,0.199750,UCSB-CHG/CHIRPS/DAILY mediante GEE,Ajuste gamma por mes y transformación normal estándar,1981-2025
1999-11-01,-0.004506,0.535481,0.258079,UCSB-CHG/CHIRPS/DAILY mediante GEE,Ajuste gamma por mes y transformación normal estándar,1981-2025
1999-12-01,0.249718,0.024085,0.252021,UCSB-CHG/CHIRPS/DAILY mediante GEE,Ajuste gamma por mes y transformación normal estándar,1981-2025
2000-01-01,1.059073,0.011797,0.409836,UCSB-CHG/CHIRPS/DAILY mediante GEE,Ajuste gamma por mes y transformación normal estándar,1981-2025
2000-02-01,0.454876,0.358455,0.553606,UCSB-CHG/CHIRPS/DAILY mediante GEE,Ajuste gamma por mes y transformación normal estándar,1981-2025
2000-03-01,0.659797,1.016780,0.065964,UCSB-CHG/CHIRPS/DAILY mediante GEE,Ajuste gamma por mes y transformación normal estándar,1981-2025
2000-04-01,-0.387134,-0.354936,-0.106213,UCSB-CHG/CHIRPS/DAILY mediante GEE,Ajuste gamma por mes y transformación normal estándar,1981-2025
2000-05-01,0.853024,0.793082,0.846833,UCSB-CHG/CHIRPS/DAILY mediante GEE,Ajuste gamma por mes y transformación normal estándar,1981-2025
2000-06-01,-0.136491,0.434400,0.455149,UCSB-CHG/CHIRPS/DAILY mediante GEE,Ajuste gamma por mes y transformación normal estándar,1981-2025
2000-07-01,-0.634009,0.174080,0.114435,UCSB-CHG/CHIRPS/DAILY mediante GEE,Ajuste gamma por mes y transformación normal estándar,1981-2025
2000-08-01,0.547249,-0.064396,0.282104,UCSB-CHG/CHIRPS/DAILY mediante GEE,Ajuste gamma por mes y transformación normal estándar,1981-2025
2000-09-01,1.533594,0.857832,0.834424,UCSB-CHG/CHIRPS/DAILY mediante GEE,Ajuste gamma por mes y transformación normal estándar,1981-2025
2000-10-01,-2.329745,0.008379,0.055798,UCSB-CHG/CHIRPS/DAILY mediante GEE,Ajuste gamma por mes y transformación normal estándar,1981-2025
2000-11-01,-0.128598,-0.383358,-0.323470,UCSB-CHG/CHIRPS/DAILY mediante GEE,Ajuste gamma por mes y transformación normal estándar,1981-2025
2000-12-01,-0.209479,-2.032187,-0.300809,UCSB-CHG/CHIRPS/DAILY mediante GEE,Ajuste gamma por mes y transformación normal estándar,1981-2025
2001-01-01,0.797188,-0.190852,-0.105155,UCSB-CHG/CHIRPS/DAILY mediante GEE,Ajuste gamma por mes y transformación normal estándar,1981-2025
2001-02-01,0.198302,-0.097190,-0.371389,UCSB-CHG/CHIRPS/DAILY mediante GEE,Ajuste gamma por mes y transformación normal estándar,1981-2025
2001-03-01,0.537339,0.718835,-1.967908,UCSB-CHG/CHIRPS/DAILY mediante GEE,Ajuste gamma por mes y transformación normal estándar,1981-2025
2001-04-01,-1.303852,-1.074888,-0.400059,UCSB-CHG/CHIRPS/DAILY mediante GEE,Ajuste gamma por mes y transformación normal estándar,1981-2025
2001-05-01,0.183250,-0.011066,-0.016190,UCSB-CHG/CHIRPS/DAILY mediante GEE,Ajuste gamma por mes y transformación normal estándar,1981-2025
2001-06-01,-1.406372,-0.816610,-0.801378,UCSB-CHG/CHIRPS/DAILY mediante GEE,Ajuste gamma por mes y transformación normal estándar,1981-2025
2001-07-01,-0.410590,-0.790560,-0.918871,UCSB-CHG/CHIRPS/DAILY mediante GEE,Ajuste gamma por mes y transformación normal estándar,1981-2025
2001-08-01,-0.187672,-0.979986,-0.845676,UCSB-CHG/CHIRPS/DAILY mediante GEE,Ajuste gamma por mes y transformación normal estándar,1981-2025
2001-09-01,-0.872706,-0.763200,-1.082148,UCSB-CHG/CHIRPS/DAILY mediante GEE,Ajuste gamma por mes y transformación normal estándar,1981-2025
2001-10-01,1.148376,0.213812,-0.329075,UCSB-CHG/CHIRPS/DAILY mediante GEE,Ajuste gamma por mes y transformación normal estándar,1981-2025
2001-11-01,-0.302558,0.212079,-0.472855,UCSB-CHG/CHIRPS/DAILY mediante GEE,Ajuste gamma por mes y transformación normal estándar,1981-2025
2001-12-01,0.947928,0.887646,-0.035236,UCSB-CHG/CHIRPS/DAILY mediante GEE,Ajuste gamma por mes y transformación normal estándar,1981-2025
2002-01-01,-0.503463,-0.127617,0.112084,UCSB-CHG/CHIRPS/DAILY mediante GEE,Ajuste gamma por mes y transformación normal estándar,1981-2025
2002-02-01,0.584048,0.803528,0.286506,UCSB-CHG/CHIRPS/DAILY mediante GEE,Ajuste gamma por mes y transformación normal estándar,1981-2025
2002-03-01,-0.009701,-0.353483,0.895850,UCSB-CHG/CHIRPS/DAILY mediante GEE,Ajuste gamma por mes y transformación normal estándar,1981-2025
2002-04-01,-0.603641,-0.636816,-0.284437,UCSB-CHG/CHIRPS/DAILY mediante GEE,Ajuste gamma por mes y transformación normal estándar,1981-2025
2002-05-01,-0.083941,-0.265848,-0.095573,UCSB-CHG/CHIRPS/DAILY mediante GEE,Ajuste gamma por mes y transformación normal estándar,1981-2025
2002-06-01,-0.688304,-0.632745,-0.648471,UCSB-CHG/CHIRPS/DAILY mediante GEE,Ajuste gamma por mes y transformación normal estándar,1981-2025
2002-07-01,0.001986,-0.501019,-0.595128,UCSB-CHG/CHIRPS/DAILY mediante GEE,Ajuste gamma por mes y transformación normal estándar,1981-2025
2002-08-01,-0.031656,-0.423184,-0.527753,UCSB-CHG/CHIRPS/DAILY mediante GEE,Ajuste gamma por mes y transformación normal estándar,1981-2025
2002-09-01,0.301820,0.063711,-0.344828,UCSB-CHG/CHIRPS/DAILY mediante GEE,Ajuste gamma por mes y transformación normal estándar,1981-2025
2002-10-01,-0.760080,-0.378679,-0.636688,UCSB-CHG/CHIRPS/DAILY mediante GEE,Ajuste gamma por mes y transformación normal estándar,1981-2025
2002-11-01,-0.634578,-0.716770,-0.760648,UCSB-CHG/CHIRPS/DAILY mediante GEE,Ajuste gamma por mes y transformación normal estándar,1981-2025
2002-12-01,-0.123545,-1.097489,-0.603671,UCSB-CHG/CHIRPS/DAILY mediante GEE,Ajuste gamma por mes y transformación normal estándar,1981-2025
2003-01-01,-0.296707,-0.643728,-0.619468,UCSB-CHG/CHIRPS/DAILY mediante GEE,Ajuste gamma por mes y transformación normal estándar,1981-2025
2003-02-01,-1.088105,-0.234541,-0.704490,UCSB-CHG/CHIRPS/DAILY mediante GEE,Ajuste gamma por mes y transformación normal estándar,1981-2025
2003-03-01,1.930869,0.785534,-1.049725,UCSB-CHG/CHIRPS/DAILY mediante GEE,Ajuste gamma por mes y transformación normal estándar,1981-2025
2003-04-01,1.033901,1.147701,-0.309343,UCSB-CHG/CHIRPS/DAILY mediante GEE,Ajuste gamma por mes y transformación normal estándar,1981-2025
2003-05-01,0.065103,0.245437,0.216928,UCSB-CHG/CHIRPS/DAILY mediante GEE,Ajuste gamma por mes y transformación normal estándar,1981-2025
2003-06-01,1.063919,0.710680,0.726058,UCSB-CHG/CHIRPS/DAILY mediante GEE,Ajuste gamma por mes y transformación normal estándar,1981-2025
2003-07-01,-0.043580,0.460493,0.571400,UCSB-CHG/CHIRPS/DAILY mediante GEE,Ajuste gamma por mes y transformación normal estándar,1981-2025
2003-08-01,-0.596012,0.175199,0.196451,UCSB-CHG/CHIRPS/DAILY mediante GEE,Ajuste gamma por mes y transformación normal estándar,1981-2025
2003-09-01,0.844465,0.126345,0.449926,UCSB-CHG/CHIRPS/DAILY mediante GEE,Ajuste gamma por mes y transformación normal estándar,1981-2025
2003-10-01,0.488253,0.381811,0.507029,UCSB-CHG/CHIRPS/DAILY mediante GEE,Ajuste gamma por mes y transformación normal estándar,1981-2025
2003-11-01,0.911938,1.061418,0.755126,UCSB-CHG/CHIRPS/DAILY mediante GEE,Ajuste gamma por mes y transformación normal estándar,1981-2025
2003-12-01,0.138103,0.782912,0.507803,UCSB-CHG/CHIRPS/DAILY mediante GEE,Ajuste gamma por mes y transformación normal estándar,1981-2025
2004-01-01,-0.059304,0.790300,0.608951,UCSB-CHG/CHIRPS/DAILY mediante GEE,Ajuste gamma por mes y transformación normal estándar,1981-2025
2004-02-01,-1.093094,0.041231,1.035790,UCSB-CHG/CHIRPS/DAILY mediante GEE,Ajuste gamma por mes y transformación normal estándar,1981-2025
2004-03-01,-1.028347,-0.760927,0.783902,UCSB-CHG/CHIRPS/DAILY mediante GEE,Ajuste gamma por mes y transformación normal estándar,1981-2025
2004-04-01,-0.646581,-0.900009,0.602401,UCSB-CHG/CHIRPS/DAILY mediante GEE,Ajuste gamma por mes y transformación normal estándar,1981-2025
2004-05-01,0.883479,0.783955,0.793282,UCSB-CHG/CHIRPS/DAILY mediante GEE,Ajuste gamma por mes y transformación normal estándar,1981-2025
2004-06-01,-0.409382,0.308481,0.288806,UCSB-CHG/CHIRPS/DAILY mediante GEE,Ajuste gamma por mes y transformación normal estándar,1981-2025
2004-07-01,0.291684,0.399383,0.311166,UCSB-CHG/CHIRPS/DAILY mediante GEE,Ajuste gamma por mes y transformación normal estándar,1981-2025
2004-08-01,0.263973,-0.020693,0.310650,UCSB-CHG/CHIRPS/DAILY mediante GEE,Ajuste gamma por mes y transformación normal estándar,1981-2025
2004-09-01,0.559533,0.436748,0.445134,UCSB-CHG/CHIRPS/DAILY mediante GEE,Ajuste gamma por mes y transformación normal estándar,1981-2025
2004-10-01,-1.113217,-0.271063,-0.008777,UCSB-CHG/CHIRPS/DAILY mediante GEE,Ajuste gamma por mes y transformación normal estándar,1981-2025
2004-11-01,0.036852,-0.499328,-0.366676,UCSB-CHG/CHIRPS/DAILY mediante GEE,Ajuste gamma por mes y transformación normal estándar,1981-2025
2004-12-01,-0.125590,-1.038334,-0.257198,UCSB-CHG/CHIRPS/DAILY mediante GEE,Ajuste gamma por mes y transformación normal estándar,1981-2025
2005-01-01,0.131153,-0.052207,-0.322880,UCSB-CHG/CHIRPS/DAILY mediante GEE,Ajuste gamma por mes y transformación normal estándar,1981-2025
2005-02-01,-1.591242,-0.175279,-0.489970,UCSB-CHG/CHIRPS/DAILY mediante GEE,Ajuste gamma por mes y transformación normal estándar,1981-2025
2005-03-01,2.499016,1.444940,-0.967764,UCSB-CHG/CHIRPS/DAILY mediante GEE,Ajuste gamma por mes y transformación normal estándar,1981-2025
2005-04-01,-0.371156,-0.041489,-0.113110,UCSB-CHG/CHIRPS/DAILY mediante GEE,Ajuste gamma por mes y transformación normal estándar,1981-2025
2005-05-01,0.175373,0.107075,0.088233,UCSB-CHG/CHIRPS/DAILY mediante GEE,Ajuste gamma por mes y transformación normal estándar,1981-2025
2005-06-01,1.190942,0.694320,0.726568,UCSB-CHG/CHIRPS/DAILY mediante GEE,Ajuste gamma por mes y transformación normal estándar,1981-2025
2005-07-01,0.438082,0.766600,0.742814,UCSB-CHG/CHIRPS/DAILY mediante GEE,Ajuste gamma por mes y transformación normal estándar,1981-2025
2005-08-01,-0.185470,0.594231,0.480286,UCSB-CHG/CHIRPS/DAILY mediante GEE,Ajuste gamma por mes y transformación normal estándar,1981-2025
2005-09-01,0.957362,0.513541,0.719896,UCSB-CHG/CHIRPS/DAILY mediante GEE,Ajuste gamma por mes y transformación normal estándar,1981-2025
2005-10-01,0.518308,0.595009,0.850590,UCSB-CHG/CHIRPS/DAILY mediante GEE,Ajuste gamma por mes y transformación normal estándar,1981-2025
2005-11-01,0.060486,0.795996,0.834517,UCSB-CHG/CHIRPS/DAILY mediante GEE,Ajuste gamma por mes y transformación normal estándar,1981-2025
2005-12-01,-0.233701,0.338306,0.530927,UCSB-CHG/CHIRPS/DAILY mediante GEE,Ajuste gamma por mes y transformación normal estándar,1981-2025
2006-01-01,1.186484,-0.013467,0.514403,UCSB-CHG/CHIRPS/DAILY mediante GEE,Ajuste gamma por mes y transformación normal estándar,1981-2025
2006-02-01,1.596295,0.060878,0.780202,UCSB-CHG/CHIRPS/DAILY mediante GEE,Ajuste gamma por mes y transformación normal estándar,1981-2025
2006-03-01,-0.819944,0.912555,0.375129,UCSB-CHG/CHIRPS/DAILY mediante GEE,Ajuste gamma por mes y transformación normal estándar,1981-2025
2006-04-01,-1.676632,-1.305479,-0.242414,UCSB-CHG/CHIRPS/DAILY mediante GEE,Ajuste gamma por mes y transformación normal estándar,1981-2025
2006-05-01,-0.421129,-0.722339,-0.672045,UCSB-CHG/CHIRPS/DAILY mediante GEE,Ajuste gamma por mes y transformación normal estándar,1981-2025
2006-06-01,0.402861,-0.252430,-0.233741,UCSB-CHG/CHIRPS/DAILY mediante GEE,Ajuste gamma por mes y transformación normal estándar,1981-2025
2006-07-01,0.896369,0.237685,0.127633,UCSB-CHG/CHIRPS/DAILY mediante GEE,Ajuste gamma por mes y transformación normal estándar,1981-2025
2006-08-01,-0.905310,0.086816,-0.286873,UCSB-CHG/CHIRPS/DAILY mediante GEE,Ajuste gamma por mes y transformación normal estándar,1981-2025
2006-09-01,-1.836986,-0.953208,-0.892178,UCSB-CHG/CHIRPS/DAILY mediante GEE,Ajuste gamma por mes y transformación normal estándar,1981-2025
2006-10-01,-0.390154,-1.510996,-0.960694,UCSB-CHG/CHIRPS/DAILY mediante GEE,Ajuste gamma por mes y transformación normal estándar,1981-2025
2006-11-01,0.069744,-1.361368,-0.800218,UCSB-CHG/CHIRPS/DAILY mediante GEE,Ajuste gamma por mes y transformación normal estándar,1981-2025
2006-12-01,0.353723,-0.383177,-1.004916,UCSB-CHG/CHIRPS/DAILY mediante GEE,Ajuste gamma por mes y transformación normal estándar,1981-2025
2007-01-01,-0.451849,0.049742,-1.422947,UCSB-CHG/CHIRPS/DAILY mediante GEE,Ajuste gamma por mes y transformación normal estándar,1981-2025
2007-02-01,-1.009982,0.192806,-1.276715,UCSB-CHG/CHIRPS/DAILY mediante GEE,Ajuste gamma por mes y transformación normal estándar,1981-2025
2007-03-01,0.125670,-0.530092,-0.377976,UCSB-CHG/CHIRPS/DAILY mediante GEE,Ajuste gamma por mes y transformación normal estándar,1981-2025
2007-04-01,0.576739,0.495271,0.097640,UCSB-CHG/CHIRPS/DAILY mediante GEE,Ajuste gamma por mes y transformación normal estándar,1981-2025
2007-05-01,0.450155,0.490368,0.522397,UCSB-CHG/CHIRPS/DAILY mediante GEE,Ajuste gamma por mes y transformación normal estándar,1981-2025
2007-06-01,0.403212,0.507266,0.493411,UCSB-CHG/CHIRPS/DAILY mediante GEE,Ajuste gamma por mes y transformación normal estándar,1981-2025
2007-07-01,-0.010160,0.354947,0.379072,UCSB-CHG/CHIRPS/DAILY mediante GEE,Ajuste gamma por mes y transformación normal estándar,1981-2025
2007-08-01,1.464826,0.946340,0.940488,UCSB-CHG/CHIRPS/DAILY mediante GEE,Ajuste gamma por mes y transformación normal estándar,1981-2025
2007-09-01,1.109485,1.250193,1.177837,UCSB-CHG/CHIRPS/DAILY mediante GEE,Ajuste gamma por mes y transformación normal estándar,1981-2025
2007-10-01,0.988861,1.628236,1.422579,UCSB-CHG/CHIRPS/DAILY mediante GEE,Ajuste gamma por mes y transformación normal estándar,1981-2025
2007-11-01,0.162108,1.260774,1.349603,UCSB-CHG/CHIRPS/DAILY mediante GEE,Ajuste gamma por mes y transformación normal estándar,1981-2025
2007-12-01,0.072764,0.834231,1.388409,UCSB-CHG/CHIRPS/DAILY mediante GEE,Ajuste gamma por mes y transformación normal estándar,1981-2025
2008-01-01,-0.496008,0.077663,1.541788,UCSB-CHG/CHIRPS/DAILY mediante GEE,Ajuste gamma por mes y transformación normal estándar,1981-2025
2008-02-01,1.281706,0.030651,1.228375,UCSB-CHG/CHIRPS/DAILY mediante GEE,Ajuste gamma por mes y transformación normal estándar,1981-2025
2008-03-01,0.123002,-0.014905,0.848726,UCSB-CHG/CHIRPS/DAILY mediante GEE,Ajuste gamma por mes y transformación normal estándar,1981-2025
2008-04-01,-0.440295,-0.402559,-0.049307,UCSB-CHG/CHIRPS/DAILY mediante GEE,Ajuste gamma por mes y transformación normal estándar,1981-2025
2008-05-01,0.448349,0.335569,0.345025,UCSB-CHG/CHIRPS/DAILY mediante GEE,Ajuste gamma por mes y transformación normal estándar,1981-2025
2008-06-01,0.669539,0.555669,0.552384,UCSB-CHG/CHIRPS/DAILY mediante GEE,Ajuste gamma por mes y transformación normal estándar,1981-2025
2008-07-01,0.911112,0.845339,0.796582,UCSB-CHG/CHIRPS/DAILY mediante GEE,Ajuste gamma por mes y transformación normal estándar,1981-2025
2008-08-01,1.513664,1.405247,1.261126,UCSB-CHG/CHIRPS/DAILY mediante GEE,Ajuste gamma por mes y transformación normal estándar,1981-2025
2008-09-01,1.509768,1.753508,1.602787,UCSB-CHG/CHIRPS/DAILY mediante GEE,Ajuste gamma por mes y transformación normal estándar,1981-2025
2008-10-01,1.337297,2.027443,2.005544,UCSB-CHG/CHIRPS/DAILY mediante GEE,Ajuste gamma por mes y transformación normal estándar,1981-2025
2008-11-01,-0.037122,1.690597,1.909341,UCSB-CHG/CHIRPS/DAILY mediante GEE,Ajuste gamma por mes y transformación normal estándar,1981-2025
2008-12-01,0.825579,1.145237,1.960023,UCSB-CHG/CHIRPS/DAILY mediante GEE,Ajuste gamma por mes y transformación normal estándar,1981-2025
2009-01-01,0.305497,0.080284,1.932688,UCSB-CHG/CHIRPS/DAILY mediante GEE,Ajuste gamma por mes y transformación normal estándar,1981-2025
2009-02-01,-0.991029,0.735683,1.699769,UCSB-CHG/CHIRPS/DAILY mediante GEE,Ajuste gamma por mes y transformación normal estándar,1981-2025
2009-03-01,-1.033235,-0.458605,1.152092,UCSB-CHG/CHIRPS/DAILY mediante GEE,Ajuste gamma por mes y transformación normal estándar,1981-2025
2009-04-01,-0.123437,-0.347506,-0.038352,UCSB-CHG/CHIRPS/DAILY mediante GEE,Ajuste gamma por mes y transformación normal estándar,1981-2025
2009-05-01,0.150231,0.034728,0.172783,UCSB-CHG/CHIRPS/DAILY mediante GEE,Ajuste gamma por mes y transformación normal estándar,1981-2025
2009-06-01,0.867311,0.493042,0.480443,UCSB-CHG/CHIRPS/DAILY mediante GEE,Ajuste gamma por mes y transformación normal estándar,1981-2025
2009-07-01,0.045729,0.432277,0.378385,UCSB-CHG/CHIRPS/DAILY mediante GEE,Ajuste gamma por mes y transformación normal estándar,1981-2025
2009-08-01,-1.793943,-0.313758,-0.298181,UCSB-CHG/CHIRPS/DAILY mediante GEE,Ajuste gamma por mes y transformación normal estándar,1981-2025
2009-09-01,-2.593159,-2.069918,-1.091723,UCSB-CHG/CHIRPS/DAILY mediante GEE,Ajuste gamma por mes y transformación normal estándar,1981-2025
2009-10-01,-0.905758,-2.496975,-1.407131,UCSB-CHG/CHIRPS/DAILY mediante GEE,Ajuste gamma por mes y transformación normal estándar,1981-2025
2009-11-01,-0.264025,-2.268348,-1.588131,UCSB-CHG/CHIRPS/DAILY mediante GEE,Ajuste gamma por mes y transformación normal estándar,1981-2025
2009-12-01,0.076082,-1.017486,-2.202321,UCSB-CHG/CHIRPS/DAILY mediante GEE,Ajuste gamma por mes y transformación normal estándar,1981-2025
2010-01-01,-0.993422,-0.309719,-2.463917,UCSB-CHG/CHIRPS/DAILY mediante GEE,Ajuste gamma por mes y transformación normal estándar,1981-2025
2010-02-01,1.191038,-0.034874,-2.160675,UCSB-CHG/CHIRPS/DAILY mediante GEE,Ajuste gamma por mes y transformación normal estándar,1981-2025
2010-03-01,-1.108986,-0.895199,-1.018652,UCSB-CHG/CHIRPS/DAILY mediante GEE,Ajuste gamma por mes y transformación normal estándar,1981-2025
2010-04-01,2.712006,2.853829,0.648951,UCSB-CHG/CHIRPS/DAILY mediante GEE,Ajuste gamma por mes y transformación normal estándar,1981-2025
2010-05-01,0.526499,1.208705,1.212293,UCSB-CHG/CHIRPS/DAILY mediante GEE,Ajuste gamma por mes y transformación normal estándar,1981-2025
2010-06-01,-0.181544,0.754056,0.735844,UCSB-CHG/CHIRPS/DAILY mediante GEE,Ajuste gamma por mes y transformación normal estándar,1981-2025
2010-07-01,1.635597,0.855455,1.281160,UCSB-CHG/CHIRPS/DAILY mediante GEE,Ajuste gamma por mes y transformación normal estándar,1981-2025
2010-08-01,1.864898,1.590699,1.795789,UCSB-CHG/CHIRPS/DAILY mediante GEE,Ajuste gamma por mes y transformación normal estándar,1981-2025
2010-09-01,0.137687,1.578039,1.563313,UCSB-CHG/CHIRPS/DAILY mediante GEE,Ajuste gamma por mes y transformación normal estándar,1981-2025
2010-10-01,-2.077141,0.085540,0.536078,UCSB-CHG/CHIRPS/DAILY mediante GEE,Ajuste gamma por mes y transformación normal estándar,1981-2025
2010-11-01,0.198431,-1.197765,0.412547,UCSB-CHG/CHIRPS/DAILY mediante GEE,Ajuste gamma por mes y transformación normal estándar,1981-2025
2010-12-01,-1.426875,-1.756947,0.475497,UCSB-CHG/CHIRPS/DAILY mediante GEE,Ajuste gamma por mes y transformación normal estándar,1981-2025
2011-01-01,-0.925702,-0.109249,-0.004469,UCSB-CHG/CHIRPS/DAILY mediante GEE,Ajuste gamma por mes y transformación normal estándar,1981-2025
2011-02-01,-1.040156,-1.492768,-1.267268,UCSB-CHG/CHIRPS/DAILY mediante GEE,Ajuste gamma por mes y transformación normal estándar,1981-2025
2011-03-01,-1.260742,-1.536950,-1.770332,UCSB-CHG/CHIRPS/DAILY mediante GEE,Ajuste gamma por mes y transformación normal estándar,1981-2025
2011-04-01,-0.669057,-0.946356,-0.304760,UCSB-CHG/CHIRPS/DAILY mediante GEE,Ajuste gamma por mes y transformación normal estándar,1981-2025
2011-05-01,0.405014,0.250289,0.074007,UCSB-CHG/CHIRPS/DAILY mediante GEE,Ajuste gamma por mes y transformación normal estándar,1981-2025
2011-06-01,0.087519,0.173609,0.139501,UCSB-CHG/CHIRPS/DAILY mediante GEE,Ajuste gamma por mes y transformación normal estándar,1981-2025
2011-07-01,0.432965,0.344395,0.252448,UCSB-CHG/CHIRPS/DAILY mediante GEE,Ajuste gamma por mes y transformación normal estándar,1981-2025
2011-08-01,-0.359172,-0.052248,0.015338,UCSB-CHG/CHIRPS/DAILY mediante GEE,Ajuste gamma por mes y transformación normal estándar,1981-2025
2011-09-01,-0.083506,-0.128721,-0.050240,UCSB-CHG/CHIRPS/DAILY mediante GEE,Ajuste gamma por mes y transformación normal estándar,1981-2025
2011-10-01,0.639533,0.114240,0.237636,UCSB-CHG/CHIRPS/DAILY mediante GEE,Ajuste gamma por mes y transformación normal estándar,1981-2025
2011-11-01,-0.591575,0.078298,-0.024668,UCSB-CHG/CHIRPS/DAILY mediante GEE,Ajuste gamma por mes y transformación normal estándar,1981-2025
2011-12-01,-1.063147,0.130956,-0.080982,UCSB-CHG/CHIRPS/DAILY mediante GEE,Ajuste gamma por mes y transformación normal estándar,1981-2025
2012-01-01,-0.710744,-0.801698,-0.181010,UCSB-CHG/CHIRPS/DAILY mediante GEE,Ajuste gamma por mes y transformación normal estándar,1981-2025
2012-02-01,1.782582,-0.914450,0.013418,UCSB-CHG/CHIRPS/DAILY mediante GEE,Ajuste gamma por mes y transformación normal estándar,1981-2025
2012-03-01,-1.260653,-0.421526,0.137634,UCSB-CHG/CHIRPS/DAILY mediante GEE,Ajuste gamma por mes y transformación normal estándar,1981-2025
2012-04-01,0.013732,-0.041720,-0.812964,UCSB-CHG/CHIRPS/DAILY mediante GEE,Ajuste gamma por mes y transformación normal estándar,1981-2025
2012-05-01,1.344593,1.352732,1.269013,UCSB-CHG/CHIRPS/DAILY mediante GEE,Ajuste gamma por mes y transformación normal estándar,1981-2025
2012-06-01,-0.655592,0.661092,0.650429,UCSB-CHG/CHIRPS/DAILY mediante GEE,Ajuste gamma por mes y transformación normal estándar,1981-2025
2012-07-01,-2.086692,0.010249,-0.025647,UCSB-CHG/CHIRPS/DAILY mediante GEE,Ajuste gamma por mes y transformación normal estándar,1981-2025
2012-08-01,0.014937,-1.025809,-0.071908,UCSB-CHG/CHIRPS/DAILY mediante GEE,Ajuste gamma por mes y transformación normal estándar,1981-2025
2012-09-01,-0.819308,-1.077488,-0.387384,UCSB-CHG/CHIRPS/DAILY mediante GEE,Ajuste gamma por mes y transformación normal estándar,1981-2025
2012-10-01,-0.816714,-0.932929,-0.726928,UCSB-CHG/CHIRPS/DAILY mediante GEE,Ajuste gamma por mes y transformación normal estándar,1981-2025
2012-11-01,-1.400824,-1.698902,-1.757123,UCSB-CHG/CHIRPS/DAILY mediante GEE,Ajuste gamma por mes y transformación normal estándar,1981-2025
2012-12-01,-1.843685,-1.600514,-1.807996,UCSB-CHG/CHIRPS/DAILY mediante GEE,Ajuste gamma por mes y transformación normal estándar,1981-2025
2013-01-01,-0.616409,-1.638992,-1.418416,UCSB-CHG/CHIRPS/DAILY mediante GEE,Ajuste gamma por mes y transformación normal estándar,1981-2025
2013-02-01,-0.731865,-1.751219,-1.772194,UCSB-CHG/CHIRPS/DAILY mediante GEE,Ajuste gamma por mes y transformación normal estándar,1981-2025
2013-03-01,-0.194612,-0.797433,-1.595879,UCSB-CHG/CHIRPS/DAILY mediante GEE,Ajuste gamma por mes y transformación normal estándar,1981-2025
2013-04-01,-1.692616,-1.561409,-1.899282,UCSB-CHG/CHIRPS/DAILY mediante GEE,Ajuste gamma por mes y transformación normal estándar,1981-2025
2013-05-01,0.061321,-0.173849,-0.388998,UCSB-CHG/CHIRPS/DAILY mediante GEE,Ajuste gamma por mes y transformación normal estándar,1981-2025
2013-06-01,0.698209,0.253252,0.232475,UCSB-CHG/CHIRPS/DAILY mediante GEE,Ajuste gamma por mes y transformación normal estándar,1981-2025
2013-07-01,0.418769,0.433712,0.321517,UCSB-CHG/CHIRPS/DAILY mediante GEE,Ajuste gamma por mes y transformación normal estándar,1981-2025
2013-08-01,-0.700728,0.107982,-0.047306,UCSB-CHG/CHIRPS/DAILY mediante GEE,Ajuste gamma por mes y transformación normal estándar,1981-2025
2013-09-01,0.867629,0.262118,0.283360,UCSB-CHG/CHIRPS/DAILY mediante GEE,Ajuste gamma por mes y transformación normal estándar,1981-2025
2013-10-01,0.050545,0.103222,0.284102,UCSB-CHG/CHIRPS/DAILY mediante GEE,Ajuste gamma por mes y transformación normal estándar,1981-2025
2013-11-01,-0.797110,0.150856,0.121131,UCSB-CHG/CHIRPS/DAILY mediante GEE,Ajuste gamma por mes y transformación normal estándar,1981-2025
2013-12-01,-1.683577,-0.544953,-0.156044,UCSB-CHG/CHIRPS/DAILY mediante GEE,Ajuste gamma por mes y transformación normal estándar,1981-2025
2014-01-01,-0.413919,-1.070509,-0.257466,UCSB-CHG/CHIRPS/DAILY mediante GEE,Ajuste gamma por mes y transformación normal estándar,1981-2025
2014-02-01,-1.017022,-1.589761,0.046216,UCSB-CHG/CHIRPS/DAILY mediante GEE,Ajuste gamma por mes y transformación normal estándar,1981-2025
2014-03-01,-0.482019,-0.814817,-0.545603,UCSB-CHG/CHIRPS/DAILY mediante GEE,Ajuste gamma por mes y transformación normal estándar,1981-2025
2014-04-01,-0.164786,-0.344540,-1.132871,UCSB-CHG/CHIRPS/DAILY mediante GEE,Ajuste gamma por mes y transformación normal estándar,1981-2025
2014-05-01,-1.095283,-1.288265,-1.502403,UCSB-CHG/CHIRPS/DAILY mediante GEE,Ajuste gamma por mes y transformación normal estándar,1981-2025
2014-06-01,-1.959043,-2.056695,-2.083668,UCSB-CHG/CHIRPS/DAILY mediante GEE,Ajuste gamma por mes y transformación normal estándar,1981-2025
2014-07-01,-3.141145,-2.812847,-2.900632,UCSB-CHG/CHIRPS/DAILY mediante GEE,Ajuste gamma por mes y transformación normal estándar,1981-2025
2014-08-01,-0.763805,-2.385956,-2.596096,UCSB-CHG/CHIRPS/DAILY mediante GEE,Ajuste gamma por mes y transformación normal estándar,1981-2025
2014-09-01,1.880928,0.153271,-0.914407,UCSB-CHG/CHIRPS/DAILY mediante GEE,Ajuste gamma por mes y transformación normal estándar,1981-2025
2014-10-01,0.478311,0.890293,-0.601921,UCSB-CHG/CHIRPS/DAILY mediante GEE,Ajuste gamma por mes y transformación normal estándar,1981-2025
2014-11-01,0.280167,1.430712,-0.191817,UCSB-CHG/CHIRPS/DAILY mediante GEE,Ajuste gamma por mes y transformación normal estándar,1981-2025
2014-12-01,-1.866698,0.306948,0.236586,UCSB-CHG/CHIRPS/DAILY mediante GEE,Ajuste gamma por mes y transformación normal estándar,1981-2025
2015-01-01,-0.155671,-0.048965,0.787982,UCSB-CHG/CHIRPS/DAILY mediante GEE,Ajuste gamma por mes y transformación normal estándar,1981-2025
2015-02-01,0.395349,-1.585928,1.303350,UCSB-CHG/CHIRPS/DAILY mediante GEE,Ajuste gamma por mes y transformación normal estándar,1981-2025
2015-03-01,0.677461,0.198084,0.326612,UCSB-CHG/CHIRPS/DAILY mediante GEE,Ajuste gamma por mes y transformación normal estándar,1981-2025
2015-04-01,0.917020,0.931992,0.123173,UCSB-CHG/CHIRPS/DAILY mediante GEE,Ajuste gamma por mes y transformación normal estándar,1981-2025
2015-05-01,-3.337357,-2.540875,-2.698201,UCSB-CHG/CHIRPS/DAILY mediante GEE,Ajuste gamma por mes y transformación normal estándar,1981-2025
2015-06-01,-1.492088,-2.532074,-2.514451,UCSB-CHG/CHIRPS/DAILY mediante GEE,Ajuste gamma por mes y transformación normal estándar,1981-2025
2015-07-01,-0.751112,-2.627159,-2.464601,UCSB-CHG/CHIRPS/DAILY mediante GEE,Ajuste gamma por mes y transformación normal estándar,1981-2025
2015-08-01,-2.197074,-2.123205,-2.875003,UCSB-CHG/CHIRPS/DAILY mediante GEE,Ajuste gamma por mes y transformación normal estándar,1981-2025
2015-09-01,-0.441222,-1.423276,-2.476610,UCSB-CHG/CHIRPS/DAILY mediante GEE,Ajuste gamma por mes y transformación normal estándar,1981-2025
2015-10-01,-0.294637,-1.206851,-2.429383,UCSB-CHG/CHIRPS/DAILY mediante GEE,Ajuste gamma por mes y transformación normal estándar,1981-2025
2015-11-01,-0.146774,-0.682723,-1.702022,UCSB-CHG/CHIRPS/DAILY mediante GEE,Ajuste gamma por mes y transformación normal estándar,1981-2025
2015-12-01,-0.130692,-0.466108,-1.392505,UCSB-CHG/CHIRPS/DAILY mediante GEE,Ajuste gamma por mes y transformación normal estándar,1981-2025
2016-01-01,-0.487789,-0.234505,-1.265401,UCSB-CHG/CHIRPS/DAILY mediante GEE,Ajuste gamma por mes y transformación normal estándar,1981-2025
2016-02-01,-1.000048,-0.267389,-0.674690,UCSB-CHG/CHIRPS/DAILY mediante GEE,Ajuste gamma por mes y transformación normal estándar,1981-2025
2016-03-01,-0.784531,-1.002726,-0.470749,UCSB-CHG/CHIRPS/DAILY mediante GEE,Ajuste gamma por mes y transformación normal estándar,1981-2025
2016-04-01,1.209994,1.139216,0.026050,UCSB-CHG/CHIRPS/DAILY mediante GEE,Ajuste gamma por mes y transformación normal estándar,1981-2025
2016-05-01,-0.623040,-0.420311,-0.443444,UCSB-CHG/CHIRPS/DAILY mediante GEE,Ajuste gamma por mes y transformación normal estándar,1981-2025
2016-06-01,-0.235748,-0.470021,-0.499789,UCSB-CHG/CHIRPS/DAILY mediante GEE,Ajuste gamma por mes y transformación normal estándar,1981-2025
2016-07-01,-0.619821,-0.846556,-0.715429,UCSB-CHG/CHIRPS/DAILY mediante GEE,Ajuste gamma por mes y transformación normal estándar,1981-2025
2016-08-01,-0.134878,-0.502224,-0.662518,UCSB-CHG/CHIRPS/DAILY mediante GEE,Ajuste gamma por mes y transformación normal estándar,1981-2025
2016-09-01,-0.007097,-0.351331,-0.579796,UCSB-CHG/CHIRPS/DAILY mediante GEE,Ajuste gamma por mes y transformación normal estándar,1981-2025
2016-10-01,0.306013,0.020878,-0.515020,UCSB-CHG/CHIRPS/DAILY mediante GEE,Ajuste gamma por mes y transformación normal estándar,1981-2025
2016-11-01,1.062476,0.551079,0.023838,UCSB-CHG/CHIRPS/DAILY mediante GEE,Ajuste gamma por mes y transformación normal estándar,1981-2025
2016-12-01,1.783691,0.911602,0.255558,UCSB-CHG/CHIRPS/DAILY mediante GEE,Ajuste gamma por mes y transformación normal estándar,1981-2025
2017-01-01,-0.232557,1.210262,0.472983,UCSB-CHG/CHIRPS/DAILY mediante GEE,Ajuste gamma por mes y transformación normal estándar,1981-2025
2017-02-01,-1.008897,1.607589,0.698285,UCSB-CHG/CHIRPS/DAILY mediante GEE,Ajuste gamma por mes y transformación normal estándar,1981-2025
2017-03-01,-0.551598,-0.707368,0.913786,UCSB-CHG/CHIRPS/DAILY mediante GEE,Ajuste gamma por mes y transformación normal estándar,1981-2025
2017-04-01,0.118643,-0.050337,1.113023,UCSB-CHG/CHIRPS/DAILY mediante GEE,Ajuste gamma por mes y transformación normal estándar,1981-2025
2017-05-01,1.951815,2.035533,2.262930,UCSB-CHG/CHIRPS/DAILY mediante GEE,Ajuste gamma por mes y transformación normal estándar,1981-2025
2017-06-01,0.284450,1.634557,1.628049,UCSB-CHG/CHIRPS/DAILY mediante GEE,Ajuste gamma por mes y transformación normal estándar,1981-2025
2017-07-01,0.591233,1.600383,1.592075,UCSB-CHG/CHIRPS/DAILY mediante GEE,Ajuste gamma por mes y transformación normal estándar,1981-2025
2017-08-01,-0.453235,0.070416,1.101948,UCSB-CHG/CHIRPS/DAILY mediante GEE,Ajuste gamma por mes y transformación normal estándar,1981-2025
2017-09-01,0.322602,0.110915,1.018105,UCSB-CHG/CHIRPS/DAILY mediante GEE,Ajuste gamma por mes y transformación normal estándar,1981-2025
2017-10-01,1.920834,1.147941,1.769500,UCSB-CHG/CHIRPS/DAILY mediante GEE,Ajuste gamma por mes y transformación normal estándar,1981-2025
2017-11-01,-0.938146,1.295453,0.853094,UCSB-CHG/CHIRPS/DAILY mediante GEE,Ajuste gamma por mes y transformación normal estándar,1981-2025
2017-12-01,-1.118343,1.301464,0.830857,UCSB-CHG/CHIRPS/DAILY mediante GEE,Ajuste gamma por mes y transformación normal estándar,1981-2025
2018-01-01,0.101693,-1.082450,0.786841,UCSB-CHG/CHIRPS/DAILY mediante GEE,Ajuste gamma por mes y transformación normal estándar,1981-2025
2018-02-01,-1.017022,-1.029730,1.196264,UCSB-CHG/CHIRPS/DAILY mediante GEE,Ajuste gamma por mes y transformación normal estándar,1981-2025
2018-03-01,-0.233426,-0.311108,1.311138,UCSB-CHG/CHIRPS/DAILY mediante GEE,Ajuste gamma por mes y transformación normal estándar,1981-2025
2018-04-01,0.561538,0.451748,-0.913709,UCSB-CHG/CHIRPS/DAILY mediante GEE,Ajuste gamma por mes y transformación normal estándar,1981-2025
2018-05-01,0.727937,0.775827,0.661221,UCSB-CHG/CHIRPS/DAILY mediante GEE,Ajuste gamma por mes y transformación normal estándar,1981-2025
2018-06-01,-0.324747,0.337264,0.326561,UCSB-CHG/CHIRPS/DAILY mediante GEE,Ajuste gamma por mes y transformación normal estándar,1981-2025
2018-07-01,-1.943036,-0.340235,-0.324029,UCSB-CHG/CHIRPS/DAILY mediante GEE,Ajuste gamma por mes y transformación normal estándar,1981-2025
2018-08-01,-1.047333,-1.410549,-0.700847,UCSB-CHG/CHIRPS/DAILY mediante GEE,Ajuste gamma por mes y transformación normal estándar,1981-2025
2018-09-01,-1.500877,-2.002535,-1.167258,UCSB-CHG/CHIRPS/DAILY mediante GEE,Ajuste gamma por mes y transformación normal estándar,1981-2025
2018-10-01,1.533678,0.014181,-0.241404,UCSB-CHG/CHIRPS/DAILY mediante GEE,Ajuste gamma por mes y transformación normal estándar,1981-2025
2018-11-01,-1.377707,0.042830,-0.819379,UCSB-CHG/CHIRPS/DAILY mediante GEE,Ajuste gamma por mes y transformación normal estándar,1981-2025
2018-12-01,-1.745414,0.785022,-0.857830,UCSB-CHG/CHIRPS/DAILY mediante GEE,Ajuste gamma por mes y transformación normal estándar,1981-2025
2019-01-01,-0.579708,-1.600567,-0.455783,UCSB-CHG/CHIRPS/DAILY mediante GEE,Ajuste gamma por mes y transformación normal estándar,1981-2025
2019-02-01,-1.017022,-1.675575,-0.063914,UCSB-CHG/CHIRPS/DAILY mediante GEE,Ajuste gamma por mes y transformación normal estándar,1981-2025
2019-03-01,-0.369073,-0.884377,0.784003,UCSB-CHG/CHIRPS/DAILY mediante GEE,Ajuste gamma por mes y transformación normal estándar,1981-2025
2019-04-01,-1.212178,-1.309374,-1.825892,UCSB-CHG/CHIRPS/DAILY mediante GEE,Ajuste gamma por mes y transformación normal estándar,1981-2025
2019-05-01,1.596226,1.554649,1.422626,UCSB-CHG/CHIRPS/DAILY mediante GEE,Ajuste gamma por mes y transformación normal estándar,1981-2025
2019-06-01,-2.364143,0.234698,0.212174,UCSB-CHG/CHIRPS/DAILY mediante GEE,Ajuste gamma por mes y transformación normal estándar,1981-2025
2019-07-01,-0.549378,0.059897,-0.055515,UCSB-CHG/CHIRPS/DAILY mediante GEE,Ajuste gamma por mes y transformación normal estándar,1981-2025
2019-08-01,-0.991341,-1.873020,-0.457406,UCSB-CHG/CHIRPS/DAILY mediante GEE,Ajuste gamma por mes y transformación normal estándar,1981-2025
2019-09-01,-0.602244,-1.042031,-0.646533,UCSB-CHG/CHIRPS/DAILY mediante GEE,Ajuste gamma por mes y transformación normal estándar,1981-2025
2019-10-01,0.959764,-0.091006,-0.087157,UCSB-CHG/CHIRPS/DAILY mediante GEE,Ajuste gamma por mes y transformación normal estándar,1981-2025
2019-11-01,0.121058,0.323360,-0.839452,UCSB-CHG/CHIRPS/DAILY mediante GEE,Ajuste gamma por mes y transformación normal estándar,1981-2025
2019-12-01,0.008421,0.784796,-0.286701,UCSB-CHG/CHIRPS/DAILY mediante GEE,Ajuste gamma por mes y transformación normal estándar,1981-2025
2020-01-01,0.545889,0.059330,-0.113227,UCSB-CHG/CHIRPS/DAILY mediante GEE,Ajuste gamma por mes y transformación normal estándar,1981-2025
2020-02-01,-0.210336,0.033600,0.321114,UCSB-CHG/CHIRPS/DAILY mediante GEE,Ajuste gamma por mes y transformación normal estándar,1981-2025
2020-03-01,-0.784629,-0.098145,0.797672,UCSB-CHG/CHIRPS/DAILY mediante GEE,Ajuste gamma por mes y transformación normal estándar,1981-2025
2020-04-01,-0.178739,-0.365697,-0.061593,UCSB-CHG/CHIRPS/DAILY mediante GEE,Ajuste gamma por mes y transformación normal estándar,1981-2025
2020-05-01,0.344589,0.240605,0.251677,UCSB-CHG/CHIRPS/DAILY mediante GEE,Ajuste gamma por mes y transformación normal estándar,1981-2025
2020-06-01,0.894338,0.636704,0.632184,UCSB-CHG/CHIRPS/DAILY mediante GEE,Ajuste gamma por mes y transformación normal estándar,1981-2025
2020-07-01,0.183741,0.610418,0.558975,UCSB-CHG/CHIRPS/DAILY mediante GEE,Ajuste gamma por mes y transformación normal estándar,1981-2025
2020-08-01,-0.054033,0.400031,0.377892,UCSB-CHG/CHIRPS/DAILY mediante GEE,Ajuste gamma por mes y transformación normal estándar,1981-2025
2020-09-01,0.221590,0.072844,0.367674,UCSB-CHG/CHIRPS/DAILY mediante GEE,Ajuste gamma por mes y transformación normal estándar,1981-2025
2020-10-01,0.697936,0.401072,0.611909,UCSB-CHG/CHIRPS/DAILY mediante GEE,Ajuste gamma por mes y transformación normal estándar,1981-2025
2020-11-01,1.070337,0.948985,0.814031,UCSB-CHG/CHIRPS/DAILY mediante GEE,Ajuste gamma por mes y transformación normal estándar,1981-2025
2020-12-01,1.024741,1.130892,0.692572,UCSB-CHG/CHIRPS/DAILY mediante GEE,Ajuste gamma por mes y transformación normal estándar,1981-2025
2021-01-01,0.804585,1.096827,0.757968,UCSB-CHG/CHIRPS/DAILY mediante GEE,Ajuste gamma por mes y transformación normal estándar,1981-2025
2021-02-01,0.426723,1.022169,1.012896,UCSB-CHG/CHIRPS/DAILY mediante GEE,Ajuste gamma por mes y transformación normal estándar,1981-2025
2021-03-01,-0.492315,0.332496,1.152180,UCSB-CHG/CHIRPS/DAILY mediante GEE,Ajuste gamma por mes y transformación normal estándar,1981-2025
2021-04-01,1.726539,1.749287,1.366976,UCSB-CHG/CHIRPS/DAILY mediante GEE,Ajuste gamma por mes y transformación normal estándar,1981-2025
2021-05-01,-0.645072,-0.230701,-0.016944,UCSB-CHG/CHIRPS/DAILY mediante GEE,Ajuste gamma por mes y transformación normal estándar,1981-2025
2021-06-01,-0.635900,-0.573340,-0.570777,UCSB-CHG/CHIRPS/DAILY mediante GEE,Ajuste gamma por mes y transformación normal estándar,1981-2025
2021-07-01,0.437881,-0.602705,-0.355033,UCSB-CHG/CHIRPS/DAILY mediante GEE,Ajuste gamma por mes y transformación normal estándar,1981-2025
2021-08-01,2.465266,1.403071,1.045174,UCSB-CHG/CHIRPS/DAILY mediante GEE,Ajuste gamma por mes y transformación normal estándar,1981-2025
2021-09-01,0.006776,1.489560,0.859776,UCSB-CHG/CHIRPS/DAILY mediante GEE,Ajuste gamma por mes y transformación normal estándar,1981-2025
2021-10-01,0.057376,1.248947,0.625449,UCSB-CHG/CHIRPS/DAILY mediante GEE,Ajuste gamma por mes y transformación normal estándar,1981-2025
2021-11-01,-2.045942,-0.631744,0.556263,UCSB-CHG/CHIRPS/DAILY mediante GEE,Ajuste gamma por mes y transformación normal estándar,1981-2025
2021-12-01,-1.876500,-0.870878,0.742595,UCSB-CHG/CHIRPS/DAILY mediante GEE,Ajuste gamma por mes y transformación normal estándar,1981-2025
2022-01-01,-1.847252,-2.233300,0.720691,UCSB-CHG/CHIRPS/DAILY mediante GEE,Ajuste gamma por mes y transformación normal estándar,1981-2025
2022-02-01,0.177454,-1.979913,-0.740330,UCSB-CHG/CHIRPS/DAILY mediante GEE,Ajuste gamma por mes y transformación normal estándar,1981-2025
2022-03-01,-0.362780,-1.533164,-0.885819,UCSB-CHG/CHIRPS/DAILY mediante GEE,Ajuste gamma por mes y transformación normal estándar,1981-2025
2022-04-01,0.988931,0.932991,-1.524574,UCSB-CHG/CHIRPS/DAILY mediante GEE,Ajuste gamma por mes y transformación normal estándar,1981-2025
2022-05-01,0.237107,0.358529,0.145703,UCSB-CHG/CHIRPS/DAILY mediante GEE,Ajuste gamma por mes y transformación normal estándar,1981-2025
2022-06-01,1.359811,0.994429,0.969260,UCSB-CHG/CHIRPS/DAILY mediante GEE,Ajuste gamma por mes y transformación normal estándar,1981-2025
2022-07-01,0.727547,1.003355,1.083342,UCSB-CHG/CHIRPS/DAILY mediante GEE,Ajuste gamma por mes y transformación normal estándar,1981-2025
2022-08-01,-0.671168,0.608190,0.602353,UCSB-CHG/CHIRPS/DAILY mediante GEE,Ajuste gamma por mes y transformación normal estándar,1981-2025
2022-09-01,-0.868612,-0.521563,0.188460,UCSB-CHG/CHIRPS/DAILY mediante GEE,Ajuste gamma por mes y transformación normal estándar,1981-2025
2022-10-01,-1.760425,-1.765469,-0.554436,UCSB-CHG/CHIRPS/DAILY mediante GEE,Ajuste gamma por mes y transformación normal estándar,1981-2025
2022-11-01,2.324387,-0.148124,0.262409,UCSB-CHG/CHIRPS/DAILY mediante GEE,Ajuste gamma por mes y transformación normal estándar,1981-2025
2022-12-01,-0.362401,0.374708,-0.214745,UCSB-CHG/CHIRPS/DAILY mediante GEE,Ajuste gamma por mes y transformación normal estándar,1981-2025
2023-01-01,-0.609576,2.107142,-0.434521,UCSB-CHG/CHIRPS/DAILY mediante GEE,Ajuste gamma por mes y transformación normal estándar,1981-2025
2023-02-01,0.540975,-0.439023,-0.172878,UCSB-CHG/CHIRPS/DAILY mediante GEE,Ajuste gamma por mes y transformación normal estándar,1981-2025
2023-03-01,3.063022,1.750319,0.434588,UCSB-CHG/CHIRPS/DAILY mediante GEE,Ajuste gamma por mes y transformación normal estándar,1981-2025
2023-04-01,0.458462,0.786354,2.112527,UCSB-CHG/CHIRPS/DAILY mediante GEE,Ajuste gamma por mes y transformación normal estándar,1981-2025
2023-05-01,-1.123786,-1.014870,-1.044795,UCSB-CHG/CHIRPS/DAILY mediante GEE,Ajuste gamma por mes y transformación normal estándar,1981-2025
2023-06-01,-0.930507,-1.362088,-1.300379,UCSB-CHG/CHIRPS/DAILY mediante GEE,Ajuste gamma por mes y transformación normal estándar,1981-2025
2023-07-01,-0.149700,-1.273247,-1.196916,UCSB-CHG/CHIRPS/DAILY mediante GEE,Ajuste gamma por mes y transformación normal estándar,1981-2025
2023-08-01,-0.594252,-0.891984,-1.243408,UCSB-CHG/CHIRPS/DAILY mediante GEE,Ajuste gamma por mes y transformación normal estándar,1981-2025
2023-09-01,-1.755217,-1.279757,-1.773296,UCSB-CHG/CHIRPS/DAILY mediante GEE,Ajuste gamma por mes y transformación normal estándar,1981-2025
2023-10-01,0.530187,-0.700584,-1.323576,UCSB-CHG/CHIRPS/DAILY mediante GEE,Ajuste gamma por mes y transformación normal estándar,1981-2025
2023-11-01,1.521234,0.237790,-0.407198,UCSB-CHG/CHIRPS/DAILY mediante GEE,Ajuste gamma por mes y transformación normal estándar,1981-2025
2023-12-01,0.601098,1.231404,-0.107509,UCSB-CHG/CHIRPS/DAILY mediante GEE,Ajuste gamma por mes y transformación normal estándar,1981-2025
2024-01-01,-1.328939,1.413331,-0.039953,UCSB-CHG/CHIRPS/DAILY mediante GEE,Ajuste gamma por mes y transformación normal estándar,1981-2025
2024-02-01,0.021006,0.361208,0.267573,UCSB-CHG/CHIRPS/DAILY mediante GEE,Ajuste gamma por mes y transformación normal estándar,1981-2025
2024-03-01,0.161108,-0.939336,1.231009,UCSB-CHG/CHIRPS/DAILY mediante GEE,Ajuste gamma por mes y transformación normal estándar,1981-2025
2024-04-01,-0.188943,-0.266873,1.288550,UCSB-CHG/CHIRPS/DAILY mediante GEE,Ajuste gamma por mes y transformación normal estándar,1981-2025
2024-05-01,-0.488953,-0.643084,-0.537170,UCSB-CHG/CHIRPS/DAILY mediante GEE,Ajuste gamma por mes y transformación normal estándar,1981-2025
2024-06-01,3.209944,1.771039,1.762741,UCSB-CHG/CHIRPS/DAILY mediante GEE,Ajuste gamma por mes y transformación normal estándar,1981-2025
2024-07-01,1.693581,2.155531,2.145875,UCSB-CHG/CHIRPS/DAILY mediante GEE,Ajuste gamma por mes y transformación normal estándar,1981-2025
2024-08-01,0.119677,2.324419,1.746553,UCSB-CHG/CHIRPS/DAILY mediante GEE,Ajuste gamma por mes y transformación normal estándar,1981-2025
2024-09-01,0.213241,0.759298,1.538778,UCSB-CHG/CHIRPS/DAILY mediante GEE,Ajuste gamma por mes y transformación normal estándar,1981-2025
2024-10-01,-0.684521,-0.319081,1.162804,UCSB-CHG/CHIRPS/DAILY mediante GEE,Ajuste gamma por mes y transformación normal estándar,1981-2025
2024-11-01,3.166848,1.544629,2.426437,UCSB-CHG/CHIRPS/DAILY mediante GEE,Ajuste gamma por mes y transformación normal estándar,1981-2025
2024-12-01,1.422789,1.832814,1.629006,UCSB-CHG/CHIRPS/DAILY mediante GEE,Ajuste gamma por mes y transformación normal estándar,1981-2025
2025-01-01,2.934453,3.177824,1.346293,UCSB-CHG/CHIRPS/DAILY mediante GEE,Ajuste gamma por mes y transformación normal estándar,1981-2025
2025-02-01,2.061295,1.795400,1.661679,UCSB-CHG/CHIRPS/DAILY mediante GEE,Ajuste gamma por mes y transformación normal estándar,1981-2025
2025-03-01,1.023873,2.972342,1.914646,UCSB-CHG/CHIRPS/DAILY mediante GEE,Ajuste gamma por mes y transformación normal estándar,1981-2025
2025-04-01,-0.970197,-0.511044,3.043715,UCSB-CHG/CHIRPS/DAILY mediante GEE,Ajuste gamma por mes y transformación normal estándar,1981-2025
2025-05-01,-0.364257,-0.581872,-0.141336,UCSB-CHG/CHIRPS/DAILY mediante GEE,Ajuste gamma por mes y transformación normal estándar,1981-2025
2025-06-01,1.714948,0.697840,0.777425,UCSB-CHG/CHIRPS/DAILY mediante GEE,Ajuste gamma por mes y transformación normal estándar,1981-2025
2025-07-01,-1.958455,0.129587,0.057736,UCSB-CHG/CHIRPS/DAILY mediante GEE,Ajuste gamma por mes y transformación normal estándar,1981-2025
2025-08-01,-0.228902,0.231989,-0.107648,UCSB-CHG/CHIRPS/DAILY mediante GEE,Ajuste gamma por mes y transformación normal estándar,1981-2025
2025-09-01,0.117389,-0.649407,-0.088431,UCSB-CHG/CHIRPS/DAILY mediante GEE,Ajuste gamma por mes y transformación normal estándar,1981-2025
2025-10-01,1.613001,0.912393,0.726401,UCSB-CHG/CHIRPS/DAILY mediante GEE,Ajuste gamma por mes y transformación normal estándar,1981-2025
2025-11-01,-1.532806,0.814754,0.625401,UCSB-CHG/CHIRPS/DAILY mediante GEE,Ajuste gamma por mes y transformación normal estándar,1981-2025
2025-12-01,-0.258681,0.922083,0.063036,UCSB-CHG/CHIRPS/DAILY mediante GEE,Ajuste gamma por mes y transformación normal estándar,1981-2025
2026-01-01,-0.498580,-1.363714,0.496493,UCSB-CHG/CHIRPS/DAILY mediante GEE,Ajuste gamma por mes y transformación normal estándar,1981-2025
2026-02-01,0.710454,-0.317536,0.770247,UCSB-CHG/CHIRPS/DAILY mediante GEE,Ajuste gamma por mes y transformación normal estándar,1981-2025
2026-03-01,0.119876,-0.241590,0.932349,UCSB-CHG/CHIRPS/DAILY mediante GEE,Ajuste gamma por mes y transformación normal estándar,1981-2025
2026-04-01,-0.079207,-0.123982,-1.337130,UCSB-CHG/CHIRPS/DAILY mediante GEE,Ajuste gamma por mes y transformación normal estándar,1981-2025
2026-05-01,-1.283690,-1.446528,-1.420928,UCSB-CHG/CHIRPS/DAILY mediante GEE,Ajuste gamma por mes y transformación normal estándar,1981-2025
2026-06-01,-0.258729,-1.102011,-1.114907,UCSB-CHG/CHIRPS/DAILY mediante GEE,Ajuste gamma por mes y transformación normal estándar,1981-2025
2026-07-01,-1.770486,-1.585715,-1.645122,UCSB-CHG/CHIRPS/DAILY mediante GEE,Ajuste gamma por mes y transformación normal estándar,1981-2025
